/*
SQLyog 企业版 - MySQL GUI v8.14 
MySQL - 5.5.40 : Database - galaxy
*********************************************************************
*/

/*!40101 SET NAMES utf8 */;

/*!40101 SET SQL_MODE=''*/;

/*!40014 SET @OLD_UNIQUE_CHECKS=@@UNIQUE_CHECKS, UNIQUE_CHECKS=0 */;
/*!40014 SET @OLD_FOREIGN_KEY_CHECKS=@@FOREIGN_KEY_CHECKS, FOREIGN_KEY_CHECKS=0 */;
/*!40101 SET @OLD_SQL_MODE=@@SQL_MODE, SQL_MODE='NO_AUTO_VALUE_ON_ZERO' */;
/*!40111 SET @OLD_SQL_NOTES=@@SQL_NOTES, SQL_NOTES=0 */;
CREATE DATABASE /*!32312 IF NOT EXISTS*/`galaxy` /*!40100 DEFAULT CHARACTER SET utf8 */;

USE `galaxy`;

/*Table structure for table `alliance` */

DROP TABLE IF EXISTS `alliance`;

CREATE TABLE `alliance` (
  `id` int(11) NOT NULL AUTO_INCREMENT,
  `name` varchar(50) DEFAULT NULL,
  `img` varchar(100) DEFAULT NULL,
  `class` int(11) DEFAULT NULL,
  `createTime` timestamp NOT NULL DEFAULT CURRENT_TIMESTAMP ON UPDATE CURRENT_TIMESTAMP,
  PRIMARY KEY (`id`),
  KEY `fk_allianceC` (`class`),
  CONSTRAINT `fk_allianceC` FOREIGN KEY (`class`) REFERENCES `allianceclassify` (`id`)
) ENGINE=InnoDB AUTO_INCREMENT=43 DEFAULT CHARSET=utf8;

/*Data for the table `alliance` */

insert  into `alliance`(`id`,`name`,`img`,`class`,`createTime`) values (13,'中国招商银行','allianceUploader_1571733874242_zggs.jpg',1,'0000-00-00 00:00:00'),(14,'中信银行','allianceUploader_1571734079829_zg.jpg',1,'0000-00-00 00:00:00'),(15,'中国建设银行','allianceUploader_1571734094282_jianse.jpg',1,'0000-00-00 00:00:00'),(16,'交通银行','allianceUploader_1571734105395_jt.jpg',1,'0000-00-00 00:00:00'),(17,'平安银行','allianceUploader_1571734130954_zgpa.jpg',1,'0000-00-00 00:00:00'),(18,'鹏金所','allianceUploader_1571734156111_pjs.jpg',1,'0000-00-00 00:00:00'),(19,'招商银行','allianceUploader_1571734220220_zaos.jpg',1,'0000-00-00 00:00:00'),(20,'中国银行','allianceUploader_1571734240184_zs.jpg',1,'0000-00-00 00:00:00'),(21,'中国农业银行','allianceUploader_1571734371612_nye.jpg',1,'0000-00-00 00:00:00'),(22,'kpmg','allianceUploader_1571734389067_kpmg.jpg',1,'0000-00-00 00:00:00'),(23,'得嘞','allianceUploader_1571734499092_dele.jpg',1,'0000-00-00 00:00:00'),(24,'香港大学','allianceUploader_1571734515368_xgdx.jpg',1,'0000-00-00 00:00:00'),(25,'logo1','allianceUploader_1571734529776_log1.jpg',1,'0000-00-00 00:00:00'),(26,'logo2','allianceUploader_1571734538365_log2.jpg',1,'0000-00-00 00:00:00'),(27,'logo3','allianceUploader_1571734546146_log3.jpg',1,'0000-00-00 00:00:00'),(30,'wangwu ','allianceUploader_1571793999002_Penguins.jpg',1,'0000-00-00 00:00:00'),(31,'张三','allianceUploader_1571822247543_Desert.jpg',3,'0000-00-00 00:00:00'),(32,'合作伙伴1','allianceUploader_1571822519197_Desert.jpg',2,'0000-00-00 00:00:00'),(33,'合作伙伴2','allianceUploader_1571822529373_Desert.jpg',2,'0000-00-00 00:00:00'),(34,'合作伙伴3','allianceUploader_1571822560231_Hydrangeas.jpg',3,'0000-00-00 00:00:00'),(35,'合作伙伴4','allianceUploader_1571822572262_Tulips.jpg',4,'0000-00-00 00:00:00'),(36,'合作伙伴5','allianceUploader_1571822583341_Koala.jpg',4,'0000-00-00 00:00:00'),(37,'合作伙伴6','allianceUploader_1571822596480_Chrysanthemum.jpg',5,'0000-00-00 00:00:00'),(38,'合作伙伴7','allianceUploader_1571822607758_Jellyfish.jpg',4,'0000-00-00 00:00:00'),(40,'今天是你的神格瑞','allianceUploader_1571995264543_Chrysanthemum.jpg',1,'2019-10-25 17:21:04'),(42,'收到啊啊啊','allianceUploader_1571995366104_Lighthouse.jpg',3,'2019-10-25 17:22:46');

/*Table structure for table `allianceclassify` */

DROP TABLE IF EXISTS `allianceclassify`;

CREATE TABLE `allianceclassify` (
  `id` int(11) NOT NULL AUTO_INCREMENT,
  `class` varchar(50) DEFAULT NULL,
  PRIMARY KEY (`id`)
) ENGINE=InnoDB AUTO_INCREMENT=6 DEFAULT CHARSET=utf8;

/*Data for the table `allianceclassify` */

insert  into `allianceclassify`(`id`,`class`) values (1,'地产'),(2,'金融'),(3,'产业'),(4,'商置'),(5,'物业');

/*Table structure for table `dynamic` */

DROP TABLE IF EXISTS `dynamic`;

CREATE TABLE `dynamic` (
  `id` int(11) NOT NULL AUTO_INCREMENT,
  `img` varchar(500) DEFAULT NULL,
  `time` date DEFAULT NULL,
  `title` varchar(500) DEFAULT NULL,
  `text` longtext,
  `createTime` timestamp NOT NULL DEFAULT CURRENT_TIMESTAMP ON UPDATE CURRENT_TIMESTAMP,
  `class` varchar(20) DEFAULT NULL,
  PRIMARY KEY (`id`),
  KEY `fk_class` (`class`),
  CONSTRAINT `fk_class` FOREIGN KEY (`class`) REFERENCES `dynamicclassify` (`classId`)
) ENGINE=InnoDB AUTO_INCREMENT=30 DEFAULT CHARSET=utf8;

/*Data for the table `dynamic` */

insert  into `dynamic`(`id`,`img`,`time`,`title`,`text`,`createTime`,`class`) values (5,'dynaimicUploader_1571383795988_Tulips.jpg','2222-12-12','集团动态标题','集团动态详情','2019-10-18 15:29:56',NULL),(6,'dynaimicUploader_1571383871399_Tulips.jpg','2222-12-12','集团动态标题','集团动态详情','2019-10-18 15:31:11',NULL),(13,'dynaimicUploader_1571744113648_Jellyfish.jpg','2018-12-05','炫彩缤纷，指尖传情，创艺美好生活','<p>在生活中，再细小的事物也能经过创艺的指尖创造出绚丽七彩的艺术在上周末的星河丹堤纽扣花DIY活动中就让我们看到了这样的情形一颗颗小小的纽扣在来宾们的奇思妙想下组成了一朵朵缤纷绚丽的花朵不同颜色，不同款式...</p>','2019-10-22 19:35:13','1'),(14,'dynaimicUploader_1571731658254_yw2.jpg','2019-04-13','盛世天宸，绽放时代|星河时代·天宸臻装美宅盛大启幕','<p>“盛世天宸，绽放时代”——2019年4月13日，备受瞩目的临深典藏之作，星河时代·天宸全新三期臻装样板房盛大启幕。&nbsp; &nbsp; &nbsp; &nbsp; 活动现场热力势不可挡，高朋满座、贵宾云集，深度见解的地产大咖...</p>','2019-10-22 16:07:38','1'),(15,'dynaimicUploader_1571731702078_yw3.jpg','2019-03-25','独家剧透|4月21日天王古巨基降临星河时代！','<p>“错失太易 爱得太迟我怎想到 她忍不到那日子”&nbsp; 4月21日，假音天王古巨基即将空降星河时代 他是香港天王巨星擅长真假音转换唱法被冠以“假音天王”的称号哥哥张国荣曾点名“古巨基是自己在乐坛的接班人”在...</p>','2019-10-22 16:08:22','1'),(23,'dynaimicUploader_1571732149357_yw4.jpg','2019-02-28','星河邀您看大片，电影兑换券免费拿','<p>\r\n  有人说，看一部电影，就像经历了一种人生。每一部电影都有属于它自己的思绪，或嬉笑怒骂、或痴笑癫狂，亦或款款深情、清风徐来！试着从这些电影里寻找属于它的思绪，并把自身沉浸在这个环境里，细细品味，你就会发现...\r\n</p>','2019-10-22 16:15:49','1'),(24,'dynaimicUploader_1571732184937_yw5.jpg','2019-12-28','星河花香周末，好喜欢鸭～','<p>\r\n 萧条的冬景，让人愈发怀恋芬郁的花香与缤纷的色彩。日本有能留住气味的相机，而星河，则有能让鲜花永存的魔法。周日的星河售楼处依旧热闹欢乐，不同的是，这次多了些芬郁花香。听去的人说，是一场魔法活动——让鲜花...\r\n</p>','2019-10-22 16:16:24','1'),(25,'dynaimicUploader_1571732284393_yw6.jpg','2019-01-03','【天津星河】圣诞生日PARTY精彩呈现','<p>\r\n    2018年12月23日，我们的第四季度生日会终于和大家见面了。五彩的气球，可爱的圣诞老人，美味的甜品。让大家提前感受到了圣诞节的氛围。活动现场圣诞老人还为小朋友们带来了小礼物，同时还教大家制作各种气球...\r\n</p>','2019-10-22 16:18:04','1'),(26,'dynaimicUploader_1571732323727_yw7.jpg','2018-12-03','以爱之名，悦享潋滟湖光，烘焙美妙时光','<p>\r\n   幸福时光，就是与家人一起的团聚能一同在缤纷的色彩与甜蜜的味道中感受生活的美好一个甜蜜苏醒的醇香时刻一个绽放浪漫色彩的聚会在星河澜月湾甜蜜上演快乐的体验，甜蜜的成果星河澜月湾蛋糕DIY活动让来宾与烘焙大...\r\n</p>','2019-10-22 16:18:43','1'),(27,'dynaimicUploader_1571732358905_yw8.jpg','2018-12-04','确认过眼神，你是周末来的人！','<p>\r\n   珍珠玫瑰胸针&香薰红酒杯蜡烛DIY    邀您欢度星河时光 “确认过眼神，我遇上对的人。”林俊杰曾这样唱道。有多少人默默在寻找、等待自己那个对的人?又有多少人失望而归？这个周末，星河等到了，对...\r\n</p>','2019-10-22 16:19:18','1'),(28,'dynaimicUploader_1571744182793_Tulips.jpg','2018-12-04','炫彩缤纷，指尖传情，创艺美好生活','<p>在生活中，再细小的事物也能经过创艺的指尖创造出绚丽七彩的艺术在上周末的星河丹堤纽扣花DIY活动中就让我们看到了这样的情形一颗颗小小的纽扣在来宾们的奇思妙想下组成了一朵朵缤纷绚丽的花朵不同颜色，不同款式...</p>','2019-10-22 19:36:23','1');

/*Table structure for table `dynamicclassify` */

DROP TABLE IF EXISTS `dynamicclassify`;

CREATE TABLE `dynamicclassify` (
  `classId` varchar(20) NOT NULL,
  `className` varchar(40) DEFAULT NULL,
  PRIMARY KEY (`classId`)
) ENGINE=InnoDB DEFAULT CHARSET=utf8;

/*Data for the table `dynamicclassify` */

insert  into `dynamicclassify`(`classId`,`className`) values ('1','地产'),('2','金融'),('3','产业'),('4','商置'),('5','物业');

/*Table structure for table `job` */

DROP TABLE IF EXISTS `job`;

CREATE TABLE `job` (
  `id` int(11) NOT NULL AUTO_INCREMENT,
  `section` varchar(32) DEFAULT NULL,
  `name` varchar(32) DEFAULT NULL,
  `place` varchar(100) DEFAULT NULL,
  `createTime` timestamp NOT NULL DEFAULT CURRENT_TIMESTAMP ON UPDATE CURRENT_TIMESTAMP,
  PRIMARY KEY (`id`)
) ENGINE=InnoDB AUTO_INCREMENT=22 DEFAULT CHARSET=utf8;

/*Data for the table `job` */

insert  into `job`(`id`,`section`,`name`,`place`,`createTime`) values (2,'金融集团','金融投资岗','深圳','0000-00-00 00:00:00'),(3,'产业集团','客户管理岗','深圳','0000-00-00 00:00:00'),(4,'产业集团','客户管理岗','深圳','0000-00-00 00:00:00'),(5,'产业集团','规划研究岗','深圳','0000-00-00 00:00:00'),(6,'产业集团','艺术岗','深圳','0000-00-00 00:00:00'),(7,'产业集团','规划研究岗','深圳','0000-00-00 00:00:00'),(8,'产业集团','项目管理岗','深圳','0000-00-00 00:00:00'),(9,'控股集团本部','财务岗','深圳','0000-00-00 00:00:00'),(10,'控股集团本部','商城运营岗','深圳','0000-00-00 00:00:00'),(11,'广州城市更新公司','人力资源岗','广州','0000-00-00 00:00:00'),(12,'广州城市更新公司','财务岗','广州','0000-00-00 00:00:00'),(13,'控股集团本部','培训学习岗','深圳','0000-00-00 00:00:00'),(14,'控股集团本部','计划运营岗','深圳','0000-00-00 00:00:00'),(15,'置业集团','发展研究岗','深圳','0000-00-00 00:00:00'),(18,'等等','试试','等等','0000-00-00 00:00:00'),(20,'阳光幼儿园','老师','重庆','2019-10-24 14:52:07'),(21,'收到了商品','收到','收到','2019-10-25 17:24:17');

/*Table structure for table `message` */

DROP TABLE IF EXISTS `message`;

CREATE TABLE `message` (
  `id` int(11) NOT NULL AUTO_INCREMENT,
  `name` varchar(20) DEFAULT NULL,
  `number` varchar(40) DEFAULT NULL,
  `email` varchar(50) DEFAULT NULL,
  `tel` varchar(20) DEFAULT NULL,
  `message` varchar(500) DEFAULT NULL,
  `createTime` timestamp NOT NULL DEFAULT CURRENT_TIMESTAMP ON UPDATE CURRENT_TIMESTAMP,
  PRIMARY KEY (`id`)
) ENGINE=InnoDB AUTO_INCREMENT=10 DEFAULT CHARSET=utf8;

/*Data for the table `message` */

insert  into `message`(`id`,`name`,`number`,`email`,`tel`,`message`,`createTime`) values (4,'郭治涛','10-15','2622353599@qq.com','18323929404','是四大美女','2019-10-18 18:21:22'),(5,'郭治涛','10-15','2622353599@qq.com','18323929404','是四大美女','2019-10-18 18:21:23'),(6,'郭治涛','10-15','2622353599@qq.com','18323929404','mm','2019-10-19 16:19:57'),(7,'游客128529499','6555 ','2655816316@qq.com','18308510266','jksdjka','2019-10-23 08:38:50'),(8,'游客128606749','3453','2397707341@qq.com','15185748932','收费的','2019-10-23 10:31:08'),(9,'张三','45687','565761834@qq.com','15185748933','546456','2019-10-24 14:49:18');

/*Table structure for table `news` */

DROP TABLE IF EXISTS `news`;

CREATE TABLE `news` (
  `id` int(11) NOT NULL AUTO_INCREMENT,
  `img` varchar(500) DEFAULT NULL,
  `time` date DEFAULT NULL,
  `title` varchar(500) DEFAULT NULL,
  `text` longtext,
  `createTime` timestamp NOT NULL DEFAULT CURRENT_TIMESTAMP ON UPDATE CURRENT_TIMESTAMP,
  PRIMARY KEY (`id`)
) ENGINE=InnoDB AUTO_INCREMENT=57 DEFAULT CHARSET=utf8;

/*Data for the table `news` */

insert  into `news`(`id`,`img`,`time`,`title`,`text`,`createTime`) values (44,'newsUploader_1571729161144_xw1.jpg','2019-09-10','星河控股：蝉联房企品牌价值TOP30 硬核实力连获6大嘉奖','<p>9月10日，由中国房地产TOP10研究组研究主办的“2019中国房地产品牌价值研究成果发布会暨第十六届中国房地产品牌发展高峰论坛”在北京雁栖湖国际会议中心隆重召开。凭借优异城市运营经验、产品创新和多领...</p>','2019-10-22 15:26:01'),(46,'newsUploader_1571729293896_xw2.jpg','2019-09-08','捐资8000万！星河控股助力武进教育！','<p><span style=\"color: rgb(34, 34, 34); font-family: Consolas, &quot;Lucida Console&quot;, &quot;Courier New&quot;, monospace; font-size: 12px; white-space: pre-wrap; background-color: rgb(255, 255, 255);\">“以爱筑梦情满星河”。2019年9月8日，星河控股捐资助学星河实验小学分校仪式，在常州市武进区人民政府隆重举行。▲“以爱筑梦 情满星河”捐赠现场常州市副市长、武进区委书记李林，区长戴士福，区人大常委会...</span></p>','2019-10-22 15:28:13'),(47,'newsUploader_1571729376321_xw3.jpg','2019-09-08','引领城市运营 助力城市焕新 星河控股斩获“年度价值城市运营商”殊荣','<p>9月5日，由《每日经济新闻》主办的第九届中国价值地产年会在深圳举行，星河控股集团凭借优秀的综合运营优势斩获“年度价值城市运营商”殊荣。星河控股集团客户与品牌管理中心副总经理林青云女士出席领奖现场并领取...</p>','2019-10-22 15:29:36'),(48,'newsUploader_1571730081898_xw4.jpg','2018-06-15','构建城市运营生态圈 星河连续八年入选中国蓝筹地产','<p>2019年6月5日，由《经济观察报》主办的“2019中国蓝筹地产年会” 在北京落幕。作为最早参与城市生态建设的房地产企业之一，星河凭借雄厚实力及出色行业口碑，连续八年入围“中国蓝筹地产”榜单。伴随党的...</p>','2019-10-22 15:41:21'),(49,'newsUploader_1571730135939_xw5.jpg','2018-07-12','星河所在 必定中心——星河WORLD闪耀玄武 新中心未来已来','<p>7月12日，由南京市玄武区人民政府、南京市铁北红山新城管委会及星河控股集团共同举办的“玄武新中心 星河WORLD品牌发布会”于南京玄武区紫金山庄圆满落幕。来自全国的科创企业、产业技术研究顶尖专家、投资...</p>','2019-10-22 15:42:15'),(50,'newsUploader_1571730186508_xw6.jpg','2019-05-03','星河所在 必定中心——星河WORLD闪耀玄武 新中心未来已来','<p>\r\n    2019年5月30日，由国内知名房地产大数据研究机构易居克而瑞举办的“粤港澳大湾区多元化投资白皮书发布会暨湾区投资高峰论坛”在深圳隆重举行。凭借在产业运营、商业管理及物业服务等领域的出色实践，星河斩获...\r\n</p>','2019-10-22 15:43:06'),(51,'newsUploader_1571730274875_xw7.jpg','2019-05-03','星河获广东省房地产精准扶贫突出贡献企业及改革开放四十周年特别贡献企业','<p>\r\n 3月20日，广东省房协2018年度会员大会暨第四届中国（广东）县域房地产发展论坛隆重召开，超四百位重量级政府代表、专家学者、资深人士、企业高管共襄盛会，叙话地产行业长远未来。2018年系改革开放四十周...\r\n</p>','2019-10-22 15:44:34'),(52,'newsUploader_1571730329887_xw9.jpg','2019-01-15','星河获广东省房地产精准扶贫突出贡献企业及改革开放四十周年特别贡献企业','<p>\r\n  2019年1月14至15日，第八届中国公益节在北京拉开帷幕。作为中国公益慈善领域最具影响力的品牌活动，本届公益节以“公益创造美好”为主题，逾千位各界公益领袖、超两百家权威媒体代表出席。凭借积极承担社会...\r\n</p>','2019-10-22 15:45:29'),(56,'newsUploader_1571994919312_Desert.jpg','2019-10-20','sdlks','<p>sd</p>','2019-10-25 17:15:19');

/*Table structure for table `newsdetail` */

DROP TABLE IF EXISTS `newsdetail`;

CREATE TABLE `newsdetail` (
  `id` int(11) NOT NULL AUTO_INCREMENT,
  `text` longtext,
  `createTime` timestamp NOT NULL DEFAULT CURRENT_TIMESTAMP ON UPDATE CURRENT_TIMESTAMP,
  PRIMARY KEY (`id`)
) ENGINE=InnoDB AUTO_INCREMENT=12 DEFAULT CHARSET=utf8;

/*Data for the table `newsdetail` */

insert  into `newsdetail`(`id`,`text`,`createTime`) values (1,'<p class=\"enTitle\" style=\"box-sizing: border-box; margin-top: 0px; margin-bottom: 0px; padding: 0px; font-size: 30px; color: rgb(235, 60, 0); font-family: Montserrat-Regular; letter-spacing: -3px; text-transform: uppercase;\">\r\n    NEWS\r\n</p>\r\n<p class=\"title\" style=\"box-sizing: border-box; margin-top: 0px; margin-bottom: 0px; padding: 0px; font-size: 20px; color: rgb(188, 143, 75);\">\r\n    新闻中心\r\n</p>\r\n<h1 style=\"box-sizing: border-box; margin: 0px; padding: 0px; font-weight: normal; color: rgb(63, 62, 85); font-size: 30px;\">\r\n    2019.09.10\r\n</h1>\r\n<h2 style=\"box-sizing: border-box; margin: 0px; padding: 0px 0px 25px; font-weight: normal; color: rgb(63, 62, 85); font-size: 18px; opacity: 0.9;\">\r\n    星河控股：蝉联房企品牌价值TOP30 硬核实力连获6大嘉奖\r\n</h2>\r\n<p style=\"box-sizing: border-box; margin-top: 0px; margin-bottom: 0px; padding: 0px 0px 20px; font-size: 14px; line-height: 24px; color: rgb(177, 177, 177);\">\r\n    9月10日，由中国房地产TOP10研究组研究主办的“2019中国房地产品牌价值研究成果发布会暨第十六届中国房地产品牌发展高峰论坛”在北京雁栖湖国际会议中心隆重召开。凭借优异城市运营经验、产品创新和多领域整合能力，星河控股集团以106亿的品牌价值荣获 “2019中国房地产公司品牌价值TOP30 （混合所有11-30）”殊荣。\r\n</p>\r\n<p style=\"box-sizing: border-box; margin-top: 0px; margin-bottom: 0px; padding: 0px 0px 20px; font-size: 14px; line-height: 24px; color: rgb(177, 177, 177);\">\r\n    <img src=\"http://www.chngalaxy.com/upload/img/2019-09-25/f33a4142-c0e0-4bf1-9b64-ea1d7b29ee67.jpg\"/>\r\n</p>\r\n<p style=\"box-sizing: border-box; margin-top: 0px; margin-bottom: 0px; padding: 0px 0px 20px; font-size: 14px; line-height: 24px; color: rgb(177, 177, 177); text-align: center;\">\r\n    （星河控股集团荣获行业品牌价值TOP30殊荣）\r\n</p>\r\n<p style=\"box-sizing: border-box; margin-top: 0px; margin-bottom: 0px; padding: 0px 0px 20px; font-size: 14px; line-height: 24px; color: rgb(177, 177, 177);\">\r\n    此外，星河控股旗集团下商置公司、星河智善生活公司在品牌方面均有良好表现。星河商置荣获“2019中国商业地产公司品牌价值TOP10,”，品牌价值88亿元，并荣获“2019粤港澳大湾区商业运营品牌优秀企业”称号；星河COCO Park荣获“2019中国商业地产项目品牌价值TOP10”称号；星河智善生活集团荣获“2019中国物业服务专业化运营领先品牌企业”称号，并被评为“2019粤港澳大湾区物业服务品牌价值领先企业”。<img src=\"http://www.chngalaxy.com/upload/img/2019-09-25/324cad49-5201-42b6-8896-36d816328394.jpg\"/><br/>\r\n</p>\r\n<p style=\"box-sizing: border-box; margin-top: 0px; margin-bottom: 0px; padding: 0px 0px 20px; font-size: 14px; line-height: 24px; color: rgb(177, 177, 177); text-align: center;\">\r\n    （星河控股集团客户与品牌管理中心代表出席领奖现场）\r\n</p>\r\n<p style=\"box-sizing: border-box; margin-top: 0px; margin-bottom: 0px; padding: 0px 0px 20px; font-size: 14px; line-height: 24px; color: rgb(177, 177, 177); text-align: center;\">\r\n    <br/>\r\n</p>\r\n<p style=\"box-sizing: border-box; margin-top: 0px; margin-bottom: 0px; padding: 0px 0px 20px; font-size: 14px; line-height: 24px; color: rgb(177, 177, 177);\">\r\n    <strong>完善多元布局，城市运营全面提速</strong>\r\n</p>\r\n<p style=\"box-sizing: border-box; margin-top: 0px; margin-bottom: 0px; padding: 0px 0px 20px; font-size: 14px; line-height: 24px; color: rgb(177, 177, 177);\">\r\n    星河，1988年始于深圳，峥嵘于盛世，砥砺前行三十余载，而今布局全国23城，资产超千亿，拥有员工超6000人。作为最早以房地产为基础、多维度参与城市生态系统建设的企业，星河始终坚持“共创、共担、共享”的理念，践行着“多元化、专业化、国际化”的发展之路，星河创始人、董事长黄楚龙将此总结为“大团结、大服务、大发展、大回报”，企业发展得益于城市，并将发展红利反哺于城市。\r\n</p>\r\n<p style=\"box-sizing: border-box; margin-top: 0px; margin-bottom: 0px; padding: 0px 0px 20px; font-size: 14px; line-height: 24px; color: rgb(177, 177, 177);\">\r\n    <img src=\"http://www.chngalaxy.com/upload/img/2019-09-25/8bfcbbc8-4e44-419a-9280-e8438a18d3a7.jpg\"/>\r\n</p>\r\n<p style=\"box-sizing: border-box; margin-top: 0px; margin-bottom: 0px; padding: 0px 0px 20px; font-size: 14px; line-height: 24px; color: rgb(177, 177, 177);\">\r\n    作为特色显著的综合性企业集团，星河构筑地产、金融、产业、置业、物业融合共驱的生态圈，品牌多元化发展之路日益宽广。作为印证，在2018年的30周年品牌暨战略发布会上，星河颁布了全新的品牌定位——城市运营引领者，并正式对外披露未来五年的战略方向。而本次连夺业内六大权威奖项，范围涉及地产、商业及物业等多领域，无疑是业界对星河从“城市空间提供商”到“城市运营者”成功转型的肯定。未来的星河，将始终践行“多元化、专业化、国际化”的可持续发展之路，深度服务城市，重塑城市价值。\r\n</p>\r\n<p style=\"box-sizing: border-box; margin-top: 0px; margin-bottom: 0px; padding: 0px 0px 20px; font-size: 14px; line-height: 24px; color: rgb(177, 177, 177);\">\r\n    <img src=\"http://www.chngalaxy.com/upload/img/2019-09-25/c7e9c7dd-59f2-43ee-9e9d-73a333830465.jpg\"/>\r\n</p>\r\n<p style=\"box-sizing: border-box; margin-top: 0px; margin-bottom: 0px; padding: 0px 0px 20px; font-size: 14px; line-height: 24px; color: rgb(177, 177, 177);\">\r\n    <strong><br/></strong>\r\n</p>\r\n<p style=\"box-sizing: border-box; margin-top: 0px; margin-bottom: 0px; padding: 0px 0px 20px; font-size: 14px; line-height: 24px; color: rgb(177, 177, 177);\">\r\n    <strong>地产为本 释放土地价值</strong>\r\n</p>\r\n<p style=\"box-sizing: border-box; margin-top: 0px; margin-bottom: 0px; padding: 0px 0px 20px; font-size: 14px; line-height: 24px; color: rgb(177, 177, 177);\">\r\n    星河创始人黄楚龙曾多次表示，“星河的原则是做一个就成一个，一个比一个更好”。秉承如此理念，精品战略始终贯穿于星河地产发展的始终。1995年，星河以住宅为起点踏上地产开发之路；2004年至今，星河逐步涉足商业、写字楼、酒店、产业园区、特色小镇等不同建筑业态。在二十余年的专业建造过程中，星河地产以精品理念为指引，不断挖掘升级产品，释放土地应有的价值。\r\n</p>\r\n<p style=\"box-sizing: border-box; margin-top: 0px; margin-bottom: 0px; padding: 0px 0px 20px; font-size: 14px; line-height: 24px; color: rgb(177, 177, 177);\">\r\n    <img src=\"http://www.chngalaxy.com/upload/img/2019-09-25/0451dd47-09e4-4a70-93c9-7014296afa55.jpg\"/>\r\n</p>\r\n<p style=\"box-sizing: border-box; margin-top: 0px; margin-bottom: 0px; padding: 0px 0px 20px; font-size: 14px; line-height: 24px; color: rgb(177, 177, 177);\">\r\n    而在星河生态圈中，地产业务是其顺利运转的根基。当下，星河已开发面积超过5000万平方米，并握有3300余万平方米皆位于中国核心重点城市圈的土地储备。手握大量优质土地资源，也进一步夯实了星河控股未来高速发展的基础。<br/>\r\n</p>\r\n<p style=\"box-sizing: border-box; margin-top: 0px; margin-bottom: 0px; padding: 0px 0px 20px; font-size: 14px; line-height: 24px; color: rgb(177, 177, 177);\">\r\n    <strong>金融为器 “金融地产化”助力发展</strong>\r\n</p>\r\n<p style=\"box-sizing: border-box; margin-top: 0px; margin-bottom: 0px; padding: 0px 0px 20px; font-size: 14px; line-height: 24px; color: rgb(177, 177, 177);\">\r\n    2009年，星河入股阳光保险，自此开启对金融领域的探索。截至目前，星河金融自有资金投资金额超200亿元，整合权益投资、债权投资、基金管理三大板块的大金融平台浮出水面。数据显示，星河金融先后投资了超过130余家，其中26家企业登陆主板、中小板以及创业板，14家企业在新三板挂牌。而对于星河而言，实现金融与其他产业间的良性互动、培养企业的金融基因，则有利于以金融为纽带，逐步完成金融服务体系闭环，助力全产业发展。\r\n</p>\r\n<p style=\"box-sizing: border-box; margin-top: 0px; margin-bottom: 0px; padding: 0px 0px 20px; font-size: 14px; line-height: 24px; color: rgb(177, 177, 177);\">\r\n    <img src=\"http://www.chngalaxy.com/upload/img/2019-09-25/ea0cc664-adab-4ee2-8925-c7934219f933.jpg\"/>\r\n</p>\r\n<p style=\"box-sizing: border-box; margin-top: 0px; margin-bottom: 0px; padding: 0px 0px 20px; font-size: 14px; line-height: 24px; color: rgb(177, 177, 177);\">\r\n    依托出色的资金融通及资产管理能力，星河正以资本运营为纽带，在保障星河生态圈良性运转的同时，为更多企业发展提供完善生态链金融服务，保障城市建设现金流安全，为城市成长注入能量，建设可持续城市。未来，星河金融仍将秉持“依法合规经营，严守道德底线”的价值导向，重点布局京津冀、长三角、珠三角区域，前瞻布局香港、新加坡等地分支机构，成为国内领先的综合性资产管理平台。\r\n</p>\r\n<p style=\"box-sizing: border-box; margin-top: 0px; margin-bottom: 0px; padding: 0px 0px 20px; font-size: 14px; line-height: 24px; color: rgb(177, 177, 177);\">\r\n    <strong>产城融合 助推区域加速发展</strong>\r\n</p>\r\n<p style=\"box-sizing: border-box; margin-top: 0px; margin-bottom: 0px; padding: 0px 0px 20px; font-size: 14px; line-height: 24px; color: rgb(177, 177, 177);\">\r\n    以地产为载体、产业为基础、金融为纽带、资本运作为平台，星河已形成产融联盟新城、双创社区、特色小镇三大产品形态，并逐步探索出一条“产城投融”的创新发展路径。\r\n</p>\r\n<p style=\"box-sizing: border-box; margin-top: 0px; margin-bottom: 0px; padding: 0px 0px 20px; font-size: 14px; line-height: 24px; color: rgb(177, 177, 177);\">\r\n    <img src=\"http://www.chngalaxy.com/upload/img/2019-09-25/0310a361-c571-4763-9da1-cec78561a2ab.jpg\"/>\r\n</p>\r\n<p style=\"box-sizing: border-box; margin-top: 0px; margin-bottom: 0px; padding: 0px 0px 20px; font-size: 14px; line-height: 24px; color: rgb(177, 177, 177);\">\r\n    星河产业集团倾力打造的深圳星河WORLD目前已成为深圳产业新城的标杆项目之一，运营三年，标杆效应辐射全国，据统计，项目考察总接待批次已超5000次，毋庸置疑已成为区域城市封面。深圳星河WORLD成功运营的内在逻辑在于全链条产业生态生态圈的打造。产业地产的全链条开发是构筑产业生态的基础，围绕产业生态圈必不可少的四要素“促进企业核心能力成长-链接企业非核心业务-提升社区精神文明-成为区域新名片”，项目为人才、企业、产业提供“载体+实体”、“投资+服务”、“资源+内容”的服务生态闭环，致力成为区域经济新引擎。\r\n</p>\r\n<p style=\"box-sizing: border-box; margin-top: 0px; margin-bottom: 0px; padding: 0px 0px 20px; font-size: 14px; line-height: 24px; color: rgb(177, 177, 177);\">\r\n    <img src=\"http://www.chngalaxy.com/upload/img/2019-09-25/4ddc5f27-b572-4b05-a5d5-f1f23306b029.jpg\"/>\r\n</p>\r\n<p style=\"box-sizing: border-box; margin-top: 0px; margin-bottom: 0px; padding: 0px 0px 20px; font-size: 14px; line-height: 24px; color: rgb(177, 177, 177);\">\r\n    而星河对“以产兴城”的探索并不局限于此，伴随重庆渝中星河WOLRD、南京玄武星河WOLRD、天津北辰项目、郑州二砂星河WOLRD等产融项目的大举推进，星河将积极整合产业链资源，以优秀的产品助力房地产有效转型。\r\n</p>\r\n<p style=\"box-sizing: border-box; margin-top: 0px; margin-bottom: 0px; padding: 0px 0px 20px; font-size: 14px; line-height: 24px; color: rgb(177, 177, 177);\">\r\n    <strong>商业运营 长租公寓布局提速</strong>\r\n</p>\r\n<p style=\"box-sizing: border-box; margin-top: 0px; margin-bottom: 0px; padding: 0px 0px 20px; font-size: 14px; line-height: 24px; color: rgb(177, 177, 177);\">\r\n    2006年，伴随福田星河COCO Park的开业，星河为深圳筑就了崭新的空间体验。作为全国首个情景式体验型购物中心，也是深圳第一个露天型开放式的购物中心， 深圳福田星河COCO Park以独特的建筑特色、鲜明的主题定位、独具一格的休闲氛围，已成为深圳市的一张城市名片。而今，从星河COCO Park的一城多点开花，到星河COCO City、星河iCO、星河第三空间、星河中心等后续商业品牌诞生，星河在不断以新的商业尝试并带动区域商业的转型与升级。\r\n</p>\r\n<p style=\"box-sizing: border-box; margin-top: 0px; margin-bottom: 0px; padding: 0px 0px 20px; font-size: 14px; line-height: 24px; color: rgb(177, 177, 177);\">\r\n    <img src=\"http://www.chngalaxy.com/upload/img/2019-09-25/917143e4-39c6-4e3a-82a9-6f465d782570.jpg\"/>\r\n</p>\r\n<p style=\"box-sizing: border-box; margin-top: 0px; margin-bottom: 0px; padding: 0px 0px 20px; font-size: 14px; line-height: 24px; color: rgb(177, 177, 177); text-align: center;\">\r\n    （星河商置荣获“2019中国商业地产公司品牌价值TOP10”） &nbsp;\r\n</p>\r\n<p style=\"box-sizing: border-box; margin-top: 0px; margin-bottom: 0px; padding: 0px 0px 20px; font-size: 14px; line-height: 24px; color: rgb(177, 177, 177);\">\r\n    <img src=\"http://www.chngalaxy.com/upload/img/2019-09-25/e6e924f6-7d42-429f-80b1-7a995eb6eca9.jpg\"/>\r\n</p>\r\n<p style=\"box-sizing: border-box; margin-top: 0px; margin-bottom: 0px; padding: 0px 0px 20px; font-size: 14px; line-height: 24px; color: rgb(177, 177, 177); text-align: center;\">\r\n    （星河COCO Park荣获“2019中国商业地产项目品牌价值TOP10”）\r\n</p>\r\n<p style=\"box-sizing: border-box; margin-top: 0px; margin-bottom: 0px; padding: 0px 0px 20px; font-size: 14px; line-height: 24px; color: rgb(177, 177, 177);\">\r\n    秉承“略微超前半步”的发展理念，布局全国的同时，星河创新长租一体化运营模式，斥资150亿元，打造全国首个整租社区“CCB建融家园·星河荣御”，试点商品房开发销售与租赁经营一体化运作模式。作为全国第一个整租社区，星河荣御占地6万平方米，即将精装修交付使用。而在未来，星河将加大长租社区建设力度，助力国家房地产长效机制构建。\r\n</p>\r\n<p style=\"box-sizing: border-box; margin-top: 0px; margin-bottom: 0px; padding: 0px 0px 20px; font-size: 14px; line-height: 24px; color: rgb(177, 177, 177); text-align: center;\">\r\n    <img src=\"http://www.chngalaxy.com/upload/img/2019-09-25/ca361168-0ca1-4526-abc7-97b882e69b62.jpg\"/><br/>（星河商置荣获“2019粤港澳大湾区商业运营品牌优秀企业”）\r\n</p>\r\n<p style=\"box-sizing: border-box; margin-top: 0px; margin-bottom: 0px; padding: 0px 0px 20px; font-size: 14px; line-height: 24px; color: rgb(177, 177, 177);\">\r\n    <strong>智善生活 专业化物管服务</strong>\r\n</p>\r\n<p style=\"box-sizing: border-box; margin-top: 0px; margin-bottom: 0px; padding: 0px 0px 20px; font-size: 14px; line-height: 24px; color: rgb(177, 177, 177);\">\r\n    作为国家一级物业管理资质企业，星河智善生活成立于1999年，系国内最早的专业化物业公司。多年以来，秉承“星服务，心托付”的服务理念，智善生活已发展为集全方位物业服务、小区智能化工程服务、物业租售服务、绿化工程、物业管理顾问及会所经营为一体的专业化物管企业。以美好城市生活服务提供商为发展蓝图，在为业主建立“安全、文明、和谐”的物业环境、营造高品质工作生活氛围之外，智善生活将持续创新升级服务产品体系，建设大医疗、大健康社区，并依托左邻右家等智能化社区平台，为越来越多业主提供美好生活。\r\n</p>\r\n<p style=\"box-sizing: border-box; margin-top: 0px; margin-bottom: 0px; padding: 0px 0px 20px; font-size: 14px; line-height: 24px; color: rgb(177, 177, 177); text-align: center;\">\r\n    <img src=\"http://www.chngalaxy.com/upload/img/2019-09-25/d5a1526a-bf8f-45d6-a2ed-6085786f2443.jpg\"/><br/>（星河智善生活集团荣获“2019中国物业服务专业化运营领先品牌企业”）\r\n</p>\r\n<p style=\"box-sizing: border-box; margin-top: 0px; margin-bottom: 0px; padding: 0px 0px 20px; font-size: 14px; line-height: 24px; color: rgb(177, 177, 177);\">\r\n    <br/>\r\n</p>\r\n<p style=\"box-sizing: border-box; margin-top: 0px; margin-bottom: 0px; padding: 0px 0px 20px; font-size: 14px; line-height: 24px; color: rgb(177, 177, 177); text-align: center;\">\r\n    <img src=\"http://www.chngalaxy.com/upload/img/2019-09-25/418d657a-caf2-4739-a5e0-5e4a298aa344.jpg\"/><br/>（星河智善生活集团荣获“2019粤港澳大湾区物业服务品价值领先企业”）\r\n</p>\r\n<p style=\"box-sizing: border-box; margin-top: 0px; margin-bottom: 0px; padding: 0px 0px 20px; font-size: 14px; line-height: 24px; color: rgb(177, 177, 177);\">\r\n    未来，星河仍将匠心筑梦，不忘初心，与时代同步，步履不停，创新不止，构筑“产业为引领，金融为护驾，地产为基础，商业为支撑，物业为配套”的自循环生态圈，并以此为平台，协同合作伙伴，从土地运营、商业运营、产业运营、资本运营等多维度深入参与城市化发展进程，丰满城市肌理、建设宜业城市，助力城市焕新升级！\r\n</p>\r\n<p>\r\n    <br/>\r\n</p>','2019-10-14 16:37:49'),(2,'<p class=\"enTitle\" style=\"box-sizing: border-box; margin-top: 0px; margin-bottom: 0px; padding: 0px; font-size: 30px; color: rgb(235, 60, 0); font-family: Montserrat-Regular; letter-spacing: -3px; text-transform: uppercase;\">\r\n    NEWS\r\n</p>\r\n<p class=\"title\" style=\"box-sizing: border-box; margin-top: 0px; margin-bottom: 0px; padding: 0px; font-size: 20px; color: rgb(188, 143, 75);\">\r\n    新闻中心\r\n</p>\r\n<h1 style=\"box-sizing: border-box; margin: 0px; padding: 0px; font-weight: normal; color: rgb(63, 62, 85); font-size: 30px;\">\r\n    2019.09.08\r\n</h1>\r\n<h2 style=\"box-sizing: border-box; margin: 0px; padding: 0px 0px 25px; font-weight: normal; color: rgb(63, 62, 85); font-size: 18px; opacity: 0.9;\">\r\n    捐资8000万！星河控股助力武进教育！\r\n</h2>\r\n<p style=\"box-sizing: border-box; margin-top: 0px; margin-bottom: 0px; padding: 0px 0px 20px; font-size: 14px; line-height: 24px; color: rgb(177, 177, 177);\">\r\n    “以爱筑梦情满星河”。\r\n</p>\r\n<p style=\"box-sizing: border-box; margin-top: 0px; margin-bottom: 0px; padding: 0px 0px 20px; font-size: 14px; line-height: 24px; color: rgb(177, 177, 177);\">\r\n    2019年9月8日，星河控股捐资助学星河实验小学分校仪式，在常州市武进区人民政府隆重举行。<img src=\"http://www.chngalaxy.com/upload/img/2019-09-25/3044dd46-2614-4669-b25e-2e74c458ba80.jpg\"/>\r\n</p>\r\n<p style=\"box-sizing: border-box; margin-top: 0px; margin-bottom: 0px; padding: 0px 0px 20px; font-size: 14px; line-height: 24px; color: rgb(177, 177, 177); text-align: center;\">\r\n    ▲“以爱筑梦 情满星河”捐赠现场\r\n</p>\r\n<p style=\"box-sizing: border-box; margin-top: 0px; margin-bottom: 0px; padding: 0px 0px 20px; font-size: 14px; line-height: 24px; color: rgb(177, 177, 177);\">\r\n    常州市副市长、武进区委书记李林，区长戴士福，区人大常委会主任臧建中，区委常委、区委宣传部部长郑政平等领导，星河控股集团董事长黄楚龙，副董事长、总裁姚惠琼等星河控股集团领导出席此次捐助仪式，同时出席活动的还有区教育局、区财政局等部门负责人以及星河实小教育集团师生代表。捐赠仪式由副区长是峰主持。<img src=\"http://www.chngalaxy.com/upload/img/2019-09-25/52eaa3e4-abe3-4c39-acd3-a960077bf3ba.jpg\"/>\r\n</p>\r\n<p style=\"box-sizing: border-box; margin-top: 0px; margin-bottom: 0px; padding: 0px 0px 20px; font-size: 14px; line-height: 24px; color: rgb(177, 177, 177); text-align: center;\">\r\n    ▲“以爱筑梦 情满星河”捐赠现场\r\n</p>\r\n<p style=\"box-sizing: border-box; margin-top: 0px; margin-bottom: 0px; padding: 0px 0px 20px; font-size: 14px; line-height: 24px; color: rgb(177, 177, 177);\">\r\n    <img src=\"http://www.chngalaxy.com/upload/img/2019-09-25/9e612ddf-6b9d-419e-bf7f-4be4360dfcca.jpg\"/>\r\n</p>\r\n<p style=\"box-sizing: border-box; margin-top: 0px; margin-bottom: 0px; padding: 0px 0px 20px; font-size: 14px; line-height: 24px; color: rgb(177, 177, 177); text-align: center;\">\r\n    ▲星河控股集团副董事长、总裁姚惠琼女士致辞\r\n</p>\r\n<p style=\"box-sizing: border-box; margin-top: 0px; margin-bottom: 0px; padding: 0px 0px 20px; font-size: 14px; line-height: 24px; color: rgb(177, 177, 177);\">\r\n    姚惠琼副董事长代表星河控股集团、代表黄楚龙董事长，感谢区委、区政府一直以来对企业发展的扶持与帮助。星河控股集团成立三十余年间，在发展教育方面的捐款已达18亿，在全国捐建学校22所。她表示，星河控股集团捐款8000万，助力星河分校建设与优秀教师的培养，是对星河优先发展教育战略的秉持，未来还将加大对教育及公益慈善事业的投入，回馈社会。\r\n</p>\r\n<p style=\"box-sizing: border-box; margin-top: 0px; margin-bottom: 0px; padding: 0px 0px 20px; font-size: 14px; line-height: 24px; color: rgb(177, 177, 177);\">\r\n    黄楚龙董事长代表星河控股集团，向武进区教育局捐赠7500万元，助力星河分校建设。姚惠琼副董事长代表集团，向星河实验小学教育集团捐赠500万元，成立“楚才奖教基金”，助力星河实验小学教育集团优秀教师培养。\r\n</p>\r\n<p style=\"box-sizing: border-box; margin-top: 0px; margin-bottom: 0px; padding: 0px 0px 20px; font-size: 14px; line-height: 24px; color: rgb(177, 177, 177);\">\r\n    <img src=\"http://www.chngalaxy.com/upload/img/2019-09-25/7317854e-a854-453c-8bb7-385266a102a4.jpg\"/>\r\n</p>\r\n<p style=\"box-sizing: border-box; margin-top: 0px; margin-bottom: 0px; padding: 0px 0px 20px; font-size: 14px; line-height: 24px; color: rgb(177, 177, 177); text-align: center;\">\r\n    ▲星河控股集团董事长黄楚龙先生代表捐赠\r\n</p>\r\n<p style=\"box-sizing: border-box; margin-top: 0px; margin-bottom: 0px; padding: 0px 0px 20px; font-size: 14px; line-height: 24px; color: rgb(177, 177, 177);\">\r\n    <img src=\"http://www.chngalaxy.com/upload/img/2019-09-25/31a0e1a9-d8a0-47b2-9628-7c5f038371c7.jpg\"/>\r\n</p>\r\n<p style=\"box-sizing: border-box; margin-top: 0px; margin-bottom: 0px; padding: 0px 0px 20px; font-size: 14px; line-height: 24px; color: rgb(177, 177, 177); text-align: center;\">\r\n    ▲星河控股集团副董事长、总裁姚惠琼女士代表捐赠\r\n</p>\r\n<p style=\"box-sizing: border-box; margin-top: 0px; margin-bottom: 0px; padding: 0px 0px 20px; font-size: 14px; line-height: 24px; color: rgb(177, 177, 177);\">\r\n    <img src=\"http://www.chngalaxy.com/upload/img/2019-09-25/821e9d00-31f5-487b-9a41-e35567bc6bdf.jpg\"/>\r\n</p>\r\n<p style=\"box-sizing: border-box; margin-top: 0px; margin-bottom: 0px; padding: 0px 0px 20px; font-size: 14px; line-height: 24px; color: rgb(177, 177, 177); text-align: center;\">\r\n    ▲常州市副市长、区委书记李林致辞\r\n</p>\r\n<p style=\"box-sizing: border-box; margin-top: 0px; margin-bottom: 0px; padding: 0px 0px 20px; font-size: 14px; line-height: 24px; color: rgb(177, 177, 177);\">\r\n    李林书记表示，百年大计，教育为先。一个区域的教育发展，需要一所所家门口的好学校、名学校来支撑，需要更多名特优教师的引领。区委区政府将与星河控股共同投入，尽快推进星河实验小学分校的改扩建工程建设，为武进教育高质量发展助力！<img src=\"http://www.chngalaxy.com/upload/img/2019-09-25/f11592e3-8a1e-4479-a81f-162b45eb593e.jpg\"/>\r\n</p>\r\n<p style=\"box-sizing: border-box; margin-top: 0px; margin-bottom: 0px; padding: 0px 0px 20px; font-size: 14px; line-height: 24px; color: rgb(177, 177, 177); text-align: center;\">\r\n    ▲“以爱筑梦情满星河”捐赠现场合影\r\n</p>\r\n<p style=\"box-sizing: border-box; margin-top: 0px; margin-bottom: 0px; padding: 0px 0px 20px; font-size: 14px; line-height: 24px; color: rgb(177, 177, 177);\">\r\n    此次星河控股集团助力常州市武进区教育活动落下帷幕，但星河在慈善的道路上仍将一如既往。始于1988年深圳的星河，峥嵘于盛世，砥砺前行三十余载，而今布局全国23城，资产超千亿，拥有员工超6000人精英团队。作为最早以房地产为基础多维度参与城市生态系统建设的企业，星河始终坚持“共创、共担、共享”的理念，践行着“多元化、专业化、国际化”的发展之路，星河创始人、董事长黄楚龙将此总结为“大团结、大服务、大发展、大回报”，企业发展得益于城市，并将发展红利反哺于城市。\r\n</p>\r\n<p style=\"box-sizing: border-box; margin-top: 0px; margin-bottom: 0px; padding: 0px 0px 20px; font-size: 14px; line-height: 24px; color: rgb(177, 177, 177);\">\r\n    在这样的精神纲领之下，星河匠心筑梦，不忘初心，与时代同步，步履不停，创新不止——以“先优化、抢人才、搭平台、创品牌、大家来、共发财”的十八字方针为指引，构筑“产业为引领，金融为护驾，地产为基础，商业为支撑，物业为配套”的自循环生态圈，并以此为平台，协同合作伙伴，从土地运营、商业运营、产业运营、资本运营等多维度深入参与城市化发展进程，丰满城市肌理、建设宜业城市，助力城市焕新升级！\r\n</p>\r\n<p>\r\n    <br/>\r\n</p>','2019-10-14 16:38:58'),(3,'<p class=\"enTitle\" style=\"box-sizing: border-box; margin-top: 0px; margin-bottom: 0px; padding: 0px; font-size: 30px; color: rgb(235, 60, 0); font-family: Montserrat-Regular; letter-spacing: -3px; text-transform: uppercase;\">\r\n    NEWS\r\n</p>\r\n<p class=\"title\" style=\"box-sizing: border-box; margin-top: 0px; margin-bottom: 0px; padding: 0px; font-size: 20px; color: rgb(188, 143, 75);\">\r\n    新闻中心\r\n</p>\r\n<h1 style=\"box-sizing: border-box; margin: 0px; padding: 0px; font-weight: normal; color: rgb(63, 62, 85); font-size: 30px;\">\r\n    2019.09.05\r\n</h1>\r\n<h2 style=\"box-sizing: border-box; margin: 0px; padding: 0px 0px 25px; font-weight: normal; color: rgb(63, 62, 85); font-size: 18px; opacity: 0.9;\">\r\n    引领城市运营 助力城市焕新 星河控股斩获“年度价值城市运营商”殊荣\r\n</h2>\r\n<p style=\"box-sizing: border-box; margin-top: 0px; margin-bottom: 0px; padding: 0px 0px 20px; font-size: 14px; line-height: 24px; color: rgb(177, 177, 177);\">\r\n    9月5日，由《每日经济新闻》主办的第九届中国价值地产年会在深圳举行，星河控股集团凭借优秀的综合运营优势斩获“年度价值城市运营商”殊荣。星河控股集团客户与品牌管理中心副总经理林青云女士出席领奖现场并领取奖项。\r\n</p>\r\n<p style=\"box-sizing: border-box; margin-top: 0px; margin-bottom: 0px; padding: 0px 0px 20px; font-size: 14px; line-height: 24px; color: rgb(177, 177, 177);\">\r\n    本届年会以“新扩张与再平衡”为主题，现场《每日经济新闻》携手中国指数研究院独家发布《2019年中国城市价值白皮书》，与会嘉宾在建国70周年之际共同探讨行业未来发展趋势及方向。\r\n</p>\r\n<p style=\"box-sizing: border-box; margin-top: 0px; margin-bottom: 0px; padding: 0px 0px 20px; font-size: 14px; line-height: 24px; color: rgb(177, 177, 177);\">\r\n    <img src=\"http://www.chngalaxy.com/upload/img/2019-09-25/d82e34ff-f7e5-4846-a75e-4f6b494339a1.jpg\"/>\r\n</p>\r\n<p style=\"box-sizing: border-box; margin-top: 0px; margin-bottom: 0px; padding: 0px 0px 20px; font-size: 14px; line-height: 24px; color: rgb(177, 177, 177); text-align: center;\">\r\n    （左一为控股客户与品牌管理中心副总经理林青云女士）\r\n</p>\r\n<p style=\"box-sizing: border-box; margin-top: 0px; margin-bottom: 0px; padding: 0px 0px 20px; font-size: 14px; line-height: 24px; color: rgb(177, 177, 177);\">\r\n    此次星河控股一举摘得“年度价值城市运营商”的桂冠，基于星河一直坚持将城市美好生活为己任，把领先的城市运营模式带到新的区域，深度服务城市，为城市带来改变和创新之力，以“城市运营引领者”为使命，在筑梦中成长。\r\n</p>\r\n<p style=\"box-sizing: border-box; margin-top: 0px; margin-bottom: 0px; padding: 0px 0px 20px; font-size: 14px; line-height: 24px; color: rgb(177, 177, 177);\">\r\n    <img src=\"http://www.chngalaxy.com/upload/img/2019-09-25/9b9eaaf3-4a46-4a18-a232-18b7753ed793.jpg\"/>\r\n</p>\r\n<p style=\"box-sizing: border-box; margin-top: 0px; margin-bottom: 0px; padding: 0px 0px 20px; font-size: 14px; line-height: 24px; color: rgb(177, 177, 177); text-align: center;\">\r\n    （星河控股荣获“年度价值城市运营商”荣誉称号）\r\n</p>\r\n<p style=\"box-sizing: border-box; margin-top: 0px; margin-bottom: 0px; padding: 0px 0px 20px; font-size: 14px; line-height: 24px; color: rgb(177, 177, 177);\">\r\n    作为中国房地产发展及城市建设的见证者和推动者，成立31周年的星河积极响应国家政策与行业趋势，从过去单一产业迈向今天的多业务多元并进，从布局金融到产业运营，从升级消费到创新体验，如今已构筑了地产、金融、产业、置业、物业融合共驱的生态圈，完成了从城市空间建设提供商向城市运营者的华丽转型。\r\n</p>\r\n<p style=\"box-sizing: border-box; margin-top: 0px; margin-bottom: 0px; padding: 0px 0px 20px; font-size: 14px; line-height: 24px; color: rgb(177, 177, 177);\">\r\n    而今星河布局全国23城，资产超千亿，拥有员工超6000人。作为最早以房地产为基础多维度参与城市生态系统建设的企业，星河始终坚持“共创、共担、共享”的理念，践行着“多元化、专业化、国际化”的发展之路，星河创始人、董事长黄楚龙将此总结为“大团结、大服务、大发展、大回报”，企业发展得益于城市，并将发展红利反哺于城市。\r\n</p>\r\n<p style=\"box-sizing: border-box; margin-top: 0px; margin-bottom: 0px; padding: 0px 0px 20px; font-size: 14px; line-height: 24px; color: rgb(177, 177, 177);\">\r\n    在这样的精神纲领之下，星河匠心筑梦，不忘初心，构筑“产业为引领，金融为护驾，地产为基础，商业为支撑，物业为配套”的自循环生态圈，并以此为平台，协同合作伙伴，从土地运营、商业运营、产业运营、资本运营等多维度深入参与城市化发展进程，丰满城市肌理、建设宜业城市，助力城市焕新升级。\r\n</p>\r\n<p style=\"box-sizing: border-box; margin-top: 0px; margin-bottom: 0px; padding: 0px 0px 20px; font-size: 14px; line-height: 24px; color: rgb(177, 177, 177);\">\r\n    伴随国家产业结构调整，星河以产业载体开发运营、产业资本投资、产城研究规划、产业实体经营为核心。如今，星河探索出“产城投融”创新发展路径，并取得了显著成效，目前依托深圳星河WORLD的建设运营经验，第二座产融联盟新城——南京星河WORLD已于玄武区落地。这昭示着星河以产促城、以城兴产、融投并举、产城融合的“产城融投”模式日趋成熟，且具有高度复刻、快速推广的能力，将来会为更多城市带来焕新动力，助力区域经济繁荣。\r\n</p>\r\n<p style=\"box-sizing: border-box; margin-top: 0px; margin-bottom: 0px; padding: 0px 0px 20px; font-size: 14px; line-height: 24px; color: rgb(177, 177, 177);\">\r\n    如今，星河产业深耕粤港澳大湾区、重点布局长三角、京津冀、成渝经济圈等重点城市群二十余城，并成功迈入全国产业地产六强。以产业运营丰满城市肌理、建设宜业城市，为城市引人才、聚产业、共发展。作为特色显著的综合性企业集团，星河完成了从扎根城市到与其共荣的蜕变，未来，仍将以先行半步的智慧引领城市运营。\r\n</p>\r\n<p>\r\n    <br/>\r\n</p>','2019-10-14 16:39:49'),(4,'<p class=\"enTitle\" style=\"box-sizing: border-box; margin-top: 0px; margin-bottom: 0px; padding: 0px; font-size: 30px; color: rgb(235, 60, 0); font-family: Montserrat-Regular; letter-spacing: -3px; text-transform: uppercase;\">\r\n    NEWS\r\n</p>\r\n<p class=\"title\" style=\"box-sizing: border-box; margin-top: 0px; margin-bottom: 0px; padding: 0px; font-size: 20px; color: rgb(188, 143, 75);\">\r\n    新闻中心\r\n</p>\r\n<h1 style=\"box-sizing: border-box; margin: 0px; padding: 0px; font-weight: normal; color: rgb(63, 62, 85); font-size: 30px;\">\r\n    2019.06.05\r\n</h1>\r\n<h2 style=\"box-sizing: border-box; margin: 0px; padding: 0px 0px 25px; font-weight: normal; color: rgb(63, 62, 85); font-size: 18px; opacity: 0.9;\">\r\n    构建城市运营生态圈 星河连续八年入选中国蓝筹地产\r\n</h2>\r\n<p style=\"box-sizing: border-box; margin-top: 0px; margin-bottom: 0px; padding: 0px 0px 20px; font-size: 14px; line-height: 24px; color: rgb(177, 177, 177);\">\r\n    2019年6月5日，由《经济观察报》主办的“2019中国蓝筹地产年会” 在北京落幕。作为最早参与城市生态建设的房地产企业之一，星河凭借雄厚实力及出色行业口碑，连续八年入围“中国蓝筹地产”榜单。<br/>伴随党的十九大提出加快建立多主体供给、多渠道保障、租购并举的住房制度，“房住不炒”成为当下的房地产行业的发展主调。面对政策调整及市场环境改变，多元发展成为众多房企的选择。<br/>\r\n</p>\r\n<p style=\"box-sizing: border-box; margin-top: 0px; margin-bottom: 0px; padding: 0px 0px 20px; font-size: 14px; line-height: 24px; color: rgb(177, 177, 177); text-align: center;\">\r\n    <img src=\"http://www.chngalaxy.com/upload/img/2019-07-02/092978eb-db02-43c9-8953-2356f5181c75.jpg\"/>\r\n</p>\r\n<p style=\"box-sizing: border-box; margin-top: 0px; margin-bottom: 0px; padding: 0px 0px 20px; font-size: 14px; line-height: 24px; color: rgb(177, 177, 177);\">\r\n    星河控股董事长黄楚龙曾言，“做企业要顺潮流而动，略微超前半步”。作为印证，星河于2004年正式组建商业团队，开启多元发展之路。时至今日，在不断夯实地产主业之余，星河深耕商业休闲、文旅酒店、金融服务、产业运营、物业管理等多元领域，已成长为国内大型综合性企业。而在行业变革大背景下，星河也对自身发展路径有了更深层次的思考，于2018年6月正式提出“城市运营引领者”的战略定位。此次斩获“中国蓝筹地产”，也是业界对星河战略发展颇具成效的肯定。<br/>\r\n</p>\r\n<p style=\"box-sizing: border-box; margin-top: 0px; margin-bottom: 0px; padding: 0px 0px 20px; font-size: 14px; line-height: 24px; color: rgb(177, 177, 177); text-align: center;\">\r\n    <img src=\"http://www.chngalaxy.com/upload/img/2019-07-02/b47c9ae5-900c-4820-9759-0c4ab28baee0.jpg\"/><br/>\r\n</p>\r\n<p style=\"box-sizing: border-box; margin-top: 0px; margin-bottom: 0px; padding: 0px 0px 20px; font-size: 14px; line-height: 24px; color: rgb(177, 177, 177);\">\r\n    <strong>优化城市纵深发展版图 以土地运营构建城市骨架<br/></strong>\r\n</p>\r\n<p style=\"box-sizing: border-box; margin-top: 0px; margin-bottom: 0px; padding: 0px 0px 20px; font-size: 14px; line-height: 24px; color: rgb(177, 177, 177);\">\r\n    1995年，星河以住宅为起点踏上地产开发之路。2004年至今，星河逐步涉足商业、写字楼、酒店、产业园区、特色小镇等不同建筑业态。在多年专业建设过程中，星河以精品理念为指引，以土地运营构建城市骨架，并以地产开发红利投资发展教育、产业及商业等城市配套，持续释放土地应有的价值。<br/>\r\n</p>\r\n<p style=\"box-sizing: border-box; margin-top: 0px; margin-bottom: 0px; padding: 0px 0px 20px; font-size: 14px; line-height: 24px; color: rgb(177, 177, 177); text-align: center;\">\r\n    <img src=\"http://www.chngalaxy.com/upload/img/2019-07-02/5fabe5e2-27bc-48b8-a7d2-2a57eb1e900a.jpg\"/>\r\n</p>\r\n<p style=\"box-sizing: border-box; margin-top: 0px; margin-bottom: 0px; padding: 0px 0px 20px; font-size: 14px; line-height: 24px; color: rgb(177, 177, 177);\">\r\n    2019年，星河连续第八年位列中国房地产百强之列。从深圳出发，星河地产业务已覆盖粤港澳大湾区、长三角、京津冀、中西部重要城市经济圈超20座城市，累计开发面积超5000万平方米，并握有3300万平方米土地储备面积，皆位于中国核心重点城市圈。手握大量优质土地资源，也进一步夯实了星河未来高速发展的基础。<br/>\r\n</p>\r\n<p style=\"box-sizing: border-box; margin-top: 0px; margin-bottom: 0px; padding: 0px 0px 20px; font-size: 14px; line-height: 24px; color: rgb(177, 177, 177);\">\r\n    城市更新领域的出色发挥，则是星河地产的另一张重要名片。2004年，星河是最早涉足该领域的公司之一，经其改造后的深圳星河国际、星河世纪、星河WORLD等项目，均成为深圳城市更新标杆。目前，星河城市更新运作项目达50余个，已有30个项目成功推向市场，更新改造面积约千万平方米，为超6万村民、村集体及企业提供土地更新改造服务。<br/>\r\n</p>\r\n<p style=\"box-sizing: border-box; margin-top: 0px; margin-bottom: 0px; padding: 0px 0px 20px; font-size: 14px; line-height: 24px; color: rgb(177, 177, 177);\">\r\n    <strong>以资本运营为纽带 助力全产业链发展</strong>\r\n</p>\r\n<p style=\"box-sizing: border-box; margin-top: 0px; margin-bottom: 0px; padding: 0px 0px 20px; font-size: 14px; line-height: 24px; color: rgb(177, 177, 177);\">\r\n    早在2009年，星河便快人一步抢滩金融高地，陆续成为阳光保险、深圳创新投资集团、福田银座村镇银行、前海母基金、国家中小企业发展基金等重要股东。截至目前，星河金融自有资金投资金额超200亿元，整合权益投资、债权投资、基金管理三大板块的大金融平台浮出水面。<br/>\r\n</p>\r\n<p style=\"box-sizing: border-box; margin-top: 0px; margin-bottom: 0px; padding: 0px 0px 20px; font-size: 14px; line-height: 24px; color: rgb(177, 177, 177);\">\r\n    数据显示，在星河金融先后投资的117家企业中，有26家企业登陆主板、中小板以及创业板，14家企业在新三板挂牌，权益投资业务已进入收获期。资产管理则是星河金融发展的另一抓手，当下管理总规模超400亿元人民币，管理类型覆盖星河体系内购物中心、写字楼、酒店、商铺、住宅等8种资产业态类型，管理项目数量68个，产权面积近100万平方米。<br/>\r\n</p>\r\n<p style=\"box-sizing: border-box; margin-top: 0px; margin-bottom: 0px; padding: 0px 0px 20px; font-size: 14px; line-height: 24px; color: rgb(177, 177, 177);\">\r\n    对房企而言，金融创新可以通过对冲减少风险，是优化资本流动增值的有效机制。而地产行业经过过去十几年的狼奔豕突，进入平稳发展期，房企与金融机构有密切关系，转型金融平台具有先天优势。对于早早布局金融的星河来说，实现金融与其他产业间的良性互动、培养企业的金融基因，则有利于以金融为纽带，逐步完成金融服务体系闭环，助力全产业发展。<br/>\r\n</p>\r\n<p style=\"box-sizing: border-box; margin-top: 0px; margin-bottom: 0px; padding: 0px 0px 20px; font-size: 14px; line-height: 24px; color: rgb(177, 177, 177);\">\r\n    <strong>“产城融合”构筑城市发展新引擎</strong>\r\n</p>\r\n<p style=\"box-sizing: border-box; margin-top: 0px; margin-bottom: 0px; padding: 0px 0px 20px; font-size: 14px; line-height: 24px; color: rgb(177, 177, 177);\">\r\n    随着房地产行业进入白银时代，单纯依靠土地开发已不足以拉动房企创造更多价值。也是在2009年，星河正式着手筹备深圳雅宝工业园的更新改造及运营规划工作，步入产业领域。2016年，星河将产业板块独立运作，战略地位显著。<br/>\r\n</p>\r\n<p style=\"box-sizing: border-box; margin-top: 0px; margin-bottom: 0px; padding: 0px 0px 20px; font-size: 14px; line-height: 24px; color: rgb(177, 177, 177);\">\r\n    而今，星河产业集团已步入中国产业地产六强，立足深圳，深耕珠三角，完善全国布局，规划产融联盟新城、特色小镇、双创社区三条重要产品线，致力于打造“引人才、聚产业、共发展”的产业高地。<br/>\r\n</p>\r\n<p style=\"box-sizing: border-box; margin-top: 0px; margin-bottom: 0px; padding: 0px 0px 20px; font-size: 14px; line-height: 24px; color: rgb(177, 177, 177);\">\r\n    星河WORLD是一个业态齐备、产业汇聚的产业新城项目，也是星河产融联盟新城的代表作。深圳星河WORLD占地达160万平方米、总投资额超150亿元，以战略新兴、人工智能、航空航天、文化创意为主导，产业聚合度达77%，已成为粤港澳大湾区产业新城范本。据统计，项目已为区域贡献25亿元税收、300亿元产值并提供2.5万个就业岗位。规划显示，深圳星河WORLD全面运营以后，将形成一个税收将超100亿元、产值逾1000亿元、吸纳就业人口7.5万人的总部型经济聚集地。<br/>\r\n</p>\r\n<p style=\"box-sizing: border-box; margin-top: 0px; margin-bottom: 0px; padding: 0px 0px 20px; font-size: 14px; line-height: 24px; color: rgb(177, 177, 177); text-align: center;\">\r\n    <img src=\"http://www.chngalaxy.com/upload/img/2019-07-02/bd6b4eac-3e44-4fd7-a83d-19dcba9075b7.jpg\"/>\r\n</p>\r\n<p style=\"box-sizing: border-box; margin-top: 0px; margin-bottom: 0px; padding: 0px 0px 20px; font-size: 14px; line-height: 24px; color: rgb(177, 177, 177);\">\r\n    当下，第二座产融联盟新城——南京星河WORLD已于玄武区落地。该项目由产业、商业、住宅、学校等五种不同性质的土地组成，是南京首宗不同性质土地组合整体打包招拍挂的案例。依托醇熟的“产城融投”运营模式，星河产业在顶层设计将积累的资源精准落位到项目各业态中，以超百亿的投资实力将项目打造成为玄武科创智造总部基地。<br/>\r\n</p>\r\n<p style=\"box-sizing: border-box; margin-top: 0px; margin-bottom: 0px; padding: 0px 0px 20px; font-size: 14px; line-height: 24px; color: rgb(177, 177, 177); text-align: center;\">\r\n    <img src=\"http://www.chngalaxy.com/upload/img/2019-07-02/8f821797-7945-4861-8642-099145a7de40.jpg\"/><br/>\r\n</p>\r\n<p style=\"box-sizing: border-box; margin-top: 0px; margin-bottom: 0px; padding: 0px 0px 20px; font-size: 14px; line-height: 24px; color: rgb(177, 177, 177);\">\r\n    星河WORLD远不是星河产业地产的全部。目前，星河产业已在全国20余城输出产业智慧，为超200家入驻星河旗下国家级众创空间——星河·领创天下的初创企业提供全生命周期产业服务；并通过规模达50亿元的产业基金进行投资孵化，与其中40余家涵盖人工智能、航空航天、互联网等领域企业形成密切的“事业合伙人”关系。<br/>\r\n</p>\r\n<p style=\"box-sizing: border-box; margin-top: 0px; margin-bottom: 0px; padding: 0px 0px 20px; font-size: 14px; line-height: 24px; color: rgb(177, 177, 177);\">\r\n    以航空航天领域为例，继2018年全球首个商业AI星座首星“星河号”发射成功后，星河产业为持续深化产业聚焦能力，给行业提供更好的发展平台，今年2月与电科大联合成立国内首个AI卫星产业研发研究院，共同推动科技成果转化，进一步提升国内卫星科研成果的产业化水平。\r\n</p>\r\n<p style=\"box-sizing: border-box; margin-top: 0px; margin-bottom: 0px; padding: 0px 0px 20px; font-size: 14px; line-height: 24px; color: rgb(177, 177, 177);\">\r\n    <strong>完善商业运营链条 &nbsp;打造活力城市空间</strong>\r\n</p>\r\n<p style=\"box-sizing: border-box; margin-top: 0px; margin-bottom: 0px; padding: 0px 0px 20px; font-size: 14px; line-height: 24px; color: rgb(177, 177, 177);\">\r\n    在商业地产领域，星河融通购物中心、酒店、公寓、教育、主题型品牌店等完善商业运营链条，逐步形成自有商业运营+轻资产品牌输出双引擎驱动体系，致力于为城市带来高效便捷、生动有趣的高品质生活空间。经过十五年专业积累，星河旗下商业管理公司星河商置已经成为中国商业地产品牌十强，商业管理规模超过200万平方米。<br/>\r\n</p>\r\n<p style=\"box-sizing: border-box; margin-top: 0px; margin-bottom: 0px; padding: 0px 0px 20px; font-size: 14px; line-height: 24px; color: rgb(177, 177, 177); text-align: center;\">\r\n    <img src=\"http://www.chngalaxy.com/upload/img/2019-07-02/b3a6d40f-86b2-4d41-9729-abedd141bc3e.jpg\"/>\r\n</p>\r\n<p style=\"box-sizing: border-box; margin-top: 0px; margin-bottom: 0px; padding: 0px 0px 20px; font-size: 14px; line-height: 24px; color: rgb(177, 177, 177);\">\r\n    2016年，星河商置正式登陆新三板（代码：839819），开启通往资本市场的大门。星河商置以此为契机，借力资本市场，实现资产管理的提升，并加快轻资产拓展步伐，实现快速化发展及全国布局。目前，星河商置已签约20余个商业地产项目，涵盖城市商业综合体、多类型购物中心等多种商业地产形态。无独有偶，星河商置正逐步延伸业务链，打造包括星河寰宇影城、星茧视听体验馆、星趣童堡、星趣小镇等涉及不同业态的主题型主力店，形成商业项目拓展组合拳。<br/>\r\n</p>\r\n<p style=\"box-sizing: border-box; margin-top: 0px; margin-bottom: 0px; padding: 0px 0px 20px; font-size: 14px; line-height: 24px; color: rgb(177, 177, 177);\">\r\n    为助力房地产长效机制的构建，星河已完成全国首个整租社区——“CCB建融家园·星河荣御”的全面运营。该社区占地6万平方米，货值超180亿元人民币，将提供超3000套精装修交付的高端住宅，并由星河商置统一运营管理，从长远规划着手，提供完善的社区配套+智能化家居设备，营造一站式共享生活。\r\n</p>\r\n<p style=\"box-sizing: border-box; margin-top: 0px; margin-bottom: 0px; padding: 0px 0px 20px; font-size: 14px; line-height: 24px; color: rgb(177, 177, 177);\">\r\n    <strong>以物业为配套 深度服务城市</strong>\r\n</p>\r\n<p style=\"box-sizing: border-box; margin-top: 0px; margin-bottom: 0px; padding: 0px 0px 20px; font-size: 14px; line-height: 24px; color: rgb(177, 177, 177);\">\r\n    作为国家一级物业管理资质企业，星河智善生活（新三板代码：836397）成立于1999年，系国内最早的专业化物业公司。多年以来，秉承“星服务，心托付”的服务理念，智善生活已发展为集全方位物业服务、小区智能化工程服务、物业租售服务、绿化工程、物业管理顾问及会所经营为一体的专业化物管企业。<br/>\r\n</p>\r\n<p style=\"box-sizing: border-box; margin-top: 0px; margin-bottom: 0px; padding: 0px 0px 20px; font-size: 14px; line-height: 24px; color: rgb(177, 177, 177);\">\r\n    当下，星河智善业务遍布全国，除了星河自身开发的物业全数自行管理外，同时积极拓展外部管理服务，在管项目达83个，物业类型包括住宅、别墅、公寓、商场、写字楼、特色商业、旅游物业、产业地产、政府公建等十余种业态，系国内物业管理类型最丰富的企业之一。\r\n</p>\r\n<p style=\"box-sizing: border-box; margin-top: 0px; margin-bottom: 0px; padding: 0px 0px 20px; font-size: 14px; line-height: 24px; color: rgb(177, 177, 177); text-align: center;\">\r\n    <img src=\"http://www.chngalaxy.com/upload/img/2019-07-02/ef033fe0-d604-424c-bdc6-9a7fd79e4f14.jpg\"/>\r\n</p>\r\n<p style=\"box-sizing: border-box; margin-top: 0px; margin-bottom: 0px; padding: 0px 0px 20px; font-size: 14px; line-height: 24px; color: rgb(177, 177, 177);\">\r\n    以美好城市生活服务提供商为发展蓝图，在为业主建立“安全、文明、和谐”的物业环境、营造高品质工作生活氛围之外，智善生活将持续创新升级服务产品体系，建设大医疗、大健康社区，并依托左邻右家等智能化社区平台，为越来越多业主提供美好生活。\r\n</p>\r\n<p>\r\n    <br/>\r\n</p>','2019-10-14 16:47:58'),(5,'<p class=\"enTitle\" style=\"box-sizing: border-box; margin-top: 0px; margin-bottom: 0px; padding: 0px; font-size: 30px; color: rgb(235, 60, 0); font-family: Montserrat-Regular; letter-spacing: -3px; text-transform: uppercase;\">\r\n    NEWS\r\n</p>\r\n<p class=\"title\" style=\"box-sizing: border-box; margin-top: 0px; margin-bottom: 0px; padding: 0px; font-size: 20px; color: rgb(188, 143, 75);\">\r\n    新闻中心\r\n</p>\r\n<h1 style=\"box-sizing: border-box; margin: 0px; padding: 0px; font-weight: normal; color: rgb(63, 62, 85); font-size: 30px;\">\r\n    2019.05.30\r\n</h1>\r\n<h2 style=\"box-sizing: border-box; margin: 0px; padding: 0px 0px 25px; font-weight: normal; color: rgb(63, 62, 85); font-size: 18px; opacity: 0.9;\">\r\n    聚焦粤港澳大湾区 发力多元产业 星河斩获四项行业大奖\r\n</h2>\r\n<p style=\"box-sizing: border-box; margin-top: 0px; margin-bottom: 0px; padding: 0px 0px 20px; font-size: 14px; line-height: 24px; color: rgb(177, 177, 177); text-align: justify;\">\r\n    2019年5月30日，由国内知名房地产大数据研究机构易居克而瑞举办的“粤港澳大湾区多元化投资白皮书发布会暨湾区投资高峰论坛”在深圳隆重举行。凭借在产业运营、商业管理及物业服务等领域的出色实践，星河斩获包括“粤港澳大湾区产业（园区类）优秀运营商”、“深圳产业（商业类）优秀运营商”、“粤港澳大湾区物业服务创新先锋”、“深圳产业（长租公寓类）优秀房企”在内的四项权威大奖。\r\n</p>\r\n<p style=\"box-sizing: border-box; margin-top: 0px; margin-bottom: 0px; padding: 0px 0px 20px; font-size: 14px; line-height: 24px; color: rgb(177, 177, 177); text-align: justify;\">\r\n    <img src=\"http://www.chngalaxy.com/upload/img/2019-06-18/de94d3d0-a919-4032-9f00-9a4d33a11b4b.jpg\"/>\r\n</p>\r\n<p style=\"box-sizing: border-box; margin-top: 0px; margin-bottom: 0px; padding: 0px 0px 20px; font-size: 14px; line-height: 24px; color: rgb(177, 177, 177); text-align: justify;\">\r\n    <img src=\"http://www.chngalaxy.com/upload/img/2019-06-18/b990b3f3-7a10-4640-bebd-dccf28ada92f.jpg\"/>\r\n</p>\r\n<p style=\"box-sizing: border-box; margin-top: 0px; margin-bottom: 0px; padding: 0px 0px 20px; font-size: 14px; line-height: 24px; color: rgb(177, 177, 177); text-align: justify;\">\r\n    <img src=\"http://www.chngalaxy.com/upload/img/2019-06-18/e7faa5cb-b567-45a3-9c4c-a01dc4dd9423.jpg\"/>\r\n</p>\r\n<p style=\"box-sizing: border-box; margin-top: 0px; margin-bottom: 0px; padding: 0px 0px 20px; font-size: 14px; line-height: 24px; color: rgb(177, 177, 177); text-align: justify;\">\r\n    <img src=\"http://www.chngalaxy.com/upload/img/2019-06-18/b9bbcf91-2fcc-42bf-85e1-725234082789.jpg\"/>\r\n</p>\r\n<p style=\"box-sizing: border-box; margin-top: 0px; margin-bottom: 0px; padding: 0px 0px 20px; font-size: 14px; line-height: 24px; color: rgb(177, 177, 177);\">\r\n    <br/>\r\n</p>\r\n<p style=\"box-sizing: border-box; margin-top: 0px; margin-bottom: 0px; padding: 0px 0px 20px; font-size: 14px; line-height: 24px; color: rgb(177, 177, 177); text-align: justify;\">\r\n    论坛现场，星河产业集团产业发展中心总经理吴孟轲受邀出席，并发布主题演讲：《迈向多元布局，引领城市运营》，同业界精英分享星河以不同业态，深入参与并引领城市运营进程的发展之道。\r\n</p>\r\n<p style=\"box-sizing: border-box; margin-top: 0px; margin-bottom: 0px; padding: 0px 0px 20px; font-size: 14px; line-height: 24px; color: rgb(177, 177, 177); text-align: justify;\">\r\n    <img src=\"http://www.chngalaxy.com/upload/img/2019-06-18/b1b9f174-3d21-4d94-86a2-79a6f26efb67.jpg\"/>\r\n</p>\r\n<p style=\"box-sizing: border-box; margin-top: 0px; margin-bottom: 0px; padding: 0px 0px 20px; font-size: 14px; line-height: 24px; color: rgb(177, 177, 177);\">\r\n    <br/>\r\n</p>\r\n<p style=\"box-sizing: border-box; margin-top: 0px; margin-bottom: 0px; padding: 0px 0px 20px; font-size: 14px; line-height: 24px; color: rgb(177, 177, 177); text-align: justify;\">\r\n    <strong>产城融投模式成效显著 &nbsp;已成区域经济增长新引擎</strong>\r\n</p>\r\n<p style=\"box-sizing: border-box; margin-top: 0px; margin-bottom: 0px; padding: 0px 0px 20px; font-size: 14px; line-height: 24px; color: rgb(177, 177, 177); text-align: justify;\">\r\n    2009年，响应国家产业结构调整的号召，星河正式着手筹备位于深圳坂田片区的雅宝工业园的更新改造工作，进军产业领域。十年后，曾经的雅宝工业园，脱胎为全国首座产融联盟新城——深圳星河WORLD。\r\n</p>\r\n<p style=\"box-sizing: border-box; margin-top: 0px; margin-bottom: 0px; padding: 0px 0px 20px; font-size: 14px; line-height: 24px; color: rgb(177, 177, 177); text-align: justify;\">\r\n    运营三年后，深圳星河WORLD园区以战略新兴、人工智能、航空航天、文化创意为主导，产业聚合度达77%，已成为粤港澳大湾区产业新城范本。据统计，项目已为区域贡献25亿元税收、300亿元产值并提供2.5万个就业岗位。对片区经济增长的强有力拉动作用，让深圳星河WORLD成为亮眼的城市封面，来自各方的考察总接待批次已超2000次。\r\n</p>\r\n<p style=\"box-sizing: border-box; margin-top: 0px; margin-bottom: 0px; padding: 0px 0px 20px; font-size: 14px; line-height: 24px; color: rgb(177, 177, 177); text-align: justify;\">\r\n    依托深圳星河WORLD的建设运营经验，第二座产融联盟新城——南京星河WORLD已于玄武区落地。该项目由产业、商业、住宅、学校等五种不同性质的土地组成，是南京首宗不同性质土地组合整体打包招拍挂的案例。依托产业规划、产业招商、产业资源、产业投资、产业运营全链条整体方案，星河产业解决了项目组合供地开发运营的问题，在顶层设计将积累的资源精准落位到项目各业态中，以超百亿的投资实力将项目打造成为区域新封面——玄武科创智造总部基地。\r\n</p>\r\n<p style=\"box-sizing: border-box; margin-top: 0px; margin-bottom: 0px; padding: 0px 0px 20px; font-size: 14px; line-height: 24px; color: rgb(177, 177, 177); text-align: justify;\">\r\n    以星河WORLD为范本，围绕产业载体开发运营、产业资本投资、产城研究规划以及产业实体经营，以产促城、以城兴产、融投并举、产城融合的星河“产城融投”模式日趋成熟。目前，星河产业深耕粤港澳大湾区、重点布局长三角、京津冀、成渝经济圈等重点城市群二十余城，并成功迈入全国产业地产六强。\r\n</p>\r\n<p style=\"box-sizing: border-box; margin-top: 0px; margin-bottom: 0px; padding: 0px 0px 20px; font-size: 14px; line-height: 24px; color: rgb(177, 177, 177); text-align: justify;\">\r\n    <br/>\r\n</p>\r\n<p style=\"box-sizing: border-box; margin-top: 0px; margin-bottom: 0px; padding: 0px 0px 20px; font-size: 14px; line-height: 24px; color: rgb(177, 177, 177); text-align: justify;\">\r\n    <strong>服务日趋多元化 商业发展再上新台阶</strong>\r\n</p>\r\n<p style=\"box-sizing: border-box; margin-top: 0px; margin-bottom: 0px; padding: 0px 0px 20px; font-size: 14px; line-height: 24px; color: rgb(177, 177, 177); text-align: justify;\">\r\n    2004年，星河组建专业商业地产运营管理团队。伴随星河标志性的“COCO”系商业多点开花，星河商置积累了全流程的专业化商业运作管理经验。2016年，星河商置正式挂牌新三板（代码：839819），成功登陆资本市场。\r\n</p>\r\n<p style=\"box-sizing: border-box; margin-top: 0px; margin-bottom: 0px; padding: 0px 0px 20px; font-size: 14px; line-height: 24px; color: rgb(177, 177, 177); text-align: justify;\">\r\n    2018年，星河商置动作频频：深圳星河WORLD·COCO Park、深圳龙岗星河iCO先后开业运营，目前在深圳管理运营的在营购物中心已达七家。同时，星河商置也积极奉行“走出去”战略：2018年，鄂尔多斯星河COCO City全面开业；新签约汕尾星河COCO City 项目、鄂尔多斯青铜器广场项目；为南昌绿地中央公园、长沙宁乡市翡翠湖国际广场等项目提供商业定位咨询服务。\r\n</p>\r\n<p style=\"box-sizing: border-box; margin-top: 0px; margin-bottom: 0px; padding: 0px 0px 20px; font-size: 14px; line-height: 24px; color: rgb(177, 177, 177); text-align: justify;\">\r\n    目前，星河商置已签约20余个商业地产项目，总管理规模超200万平方米，涵盖城市商业综合体、城市型购物中心、区域型购物中心、社区型购物中心、高端家居购物中心等多种商业地产形态。无独有偶，星河商置正逐步延伸业务链，打造包括星河寰宇影城、星茧视听体验馆、星趣童堡、星趣小镇等涉及不同业态的主题型主力店，形成商业项目拓展组合拳。\r\n</p>\r\n<p style=\"box-sizing: border-box; margin-top: 0px; margin-bottom: 0px; padding: 0px 0px 20px; font-size: 14px; line-height: 24px; color: rgb(177, 177, 177); text-align: justify;\">\r\n    对万亿长租蓝海的探讨，亦是本次论坛的重要话题之一。目前，星河已完成全国首个整租社区—— “CCB建融家园·星河荣御”的全面运营。该社区占地6万平方米，货值超180亿元人民币，将提供超3000套精装修交付的高端住宅，并由星河商置统一运营管理，从长远规划着手，提供完善的社区配套+智能化家居设备，营造一站式共享生活。未来，星河将加大长租社区建设力度，计划五年内同时运营五个大型长租公寓，助力国家房地产长效机制构建。\r\n</p>\r\n<p style=\"box-sizing: border-box; margin-top: 0px; margin-bottom: 0px; padding: 0px 0px 20px; font-size: 14px; line-height: 24px; color: rgb(177, 177, 177); text-align: justify;\">\r\n    <br/>\r\n</p>\r\n<p style=\"box-sizing: border-box; margin-top: 0px; margin-bottom: 0px; padding: 0px 0px 20px; font-size: 14px; line-height: 24px; color: rgb(177, 177, 177); text-align: justify;\">\r\n    <strong>以人为本 构筑智慧社区</strong>\r\n</p>\r\n<p style=\"box-sizing: border-box; margin-top: 0px; margin-bottom: 0px; padding: 0px 0px 20px; font-size: 14px; line-height: 24px; color: rgb(177, 177, 177); text-align: justify;\">\r\n    2019年，也是星河智善生活（新三板代码：836397）成立的第二十年。当下，星河智善业务遍布全国，除了星河自身开发的物业全数自行管理外，同时积极拓展外部管理服务，在管项目达83个，物业类型包括住宅、别墅、公寓、商场、写字楼、特色商业、旅游物业、产业地产、政府公建等十余种业态，系国内物业管理类型最丰富的企业之一。\r\n</p>\r\n<p style=\"box-sizing: border-box; margin-top: 0px; margin-bottom: 0px; padding: 0px 0px 20px; font-size: 14px; line-height: 24px; color: rgb(177, 177, 177); text-align: justify;\">\r\n    “星服务 心托付”是星河智善生活一以贯之的服务理念。从业主的需求出发，星河智善生活不断在实践中拓宽服务范畴，打造星河资产服务、家政服务、社区教育、社区团购等一体的社区综合性服务链。\r\n</p>\r\n<p style=\"box-sizing: border-box; margin-top: 0px; margin-bottom: 0px; padding: 0px 0px 20px; font-size: 14px; line-height: 24px; color: rgb(177, 177, 177); text-align: justify;\">\r\n    互联网+智慧社区建设，则是智善生活长期着力打造的另一发展抓手。以星河自主研发“左邻右家”社区服务APP为纽带，智善生活搭建了包括智慧楼宇、智慧门禁、智慧家居、智慧停车在内的全方位“智慧+”智能服务体系。以物业智慧服务为核心，社区SNS服务为辅助，高价值增值服务为延伸，智善生活致力于构建智慧生活多元生态圈，为业主提供一个更加便捷、智能、友好的邻里社区。\r\n</p>\r\n<p>\r\n    <br/>\r\n</p>','2019-10-14 16:48:58'),(6,'<p class=\"enTitle\" style=\"box-sizing: border-box; margin-top: 0px; margin-bottom: 0px; padding: 0px; font-size: 30px; color: rgb(235, 60, 0); font-family: Montserrat-Regular; letter-spacing: -3px; text-transform: uppercase;\">\r\n    NEWS\r\n</p>\r\n<p class=\"title\" style=\"box-sizing: border-box; margin-top: 0px; margin-bottom: 0px; padding: 0px; font-size: 20px; color: rgb(188, 143, 75);\">\r\n    新闻中心\r\n</p>\r\n<h1 style=\"box-sizing: border-box; margin: 0px; padding: 0px; font-weight: normal; color: rgb(63, 62, 85); font-size: 30px;\">\r\n    2019.03.21\r\n</h1>\r\n<h2 style=\"box-sizing: border-box; margin: 0px; padding: 0px 0px 25px; font-weight: normal; color: rgb(63, 62, 85); font-size: 18px; opacity: 0.9;\">\r\n    星河连续八年入围中国房地产百强，揽获五项权威大奖\r\n</h2>\r\n<p style=\"box-sizing: border-box; margin-top: 0px; margin-bottom: 0px; padding: 0px 0px 20px; font-size: 14px; line-height: 24px; color: rgb(177, 177, 177); text-align: justify;\">\r\n    2019年3月19日，由国务院发展研究中心、清华大学房地产研究所和中国指数研究院共同组成的中国房地产TOP10研究组所发布的“2019年中国房地产百强企业”榜单公布。凭借出色的综合实力和良好行业口碑，星河控股集团连续八年成功入围百强之列。\r\n</p>\r\n<p style=\"box-sizing: border-box; margin-top: 0px; margin-bottom: 0px; padding: 0px 0px 20px; font-size: 14px; line-height: 24px; color: rgb(177, 177, 177); text-align: center;\">\r\n    <img src=\"http://www.chngalaxy.com/upload/img/2019-03-25/c5210d5f-23b2-4d97-a57d-06ec53b7a2fb.png\"/>\r\n</p>\r\n<p style=\"box-sizing: border-box; margin-top: 0px; margin-bottom: 0px; padding: 0px 0px 20px; font-size: 14px; line-height: 24px; color: rgb(177, 177, 177); text-align: justify;\">\r\n    一天之后，由中国房地产业协会、上海易居房地产研究院中国房地产测评中心联合主办的“2019中国房地产开发企业500强测评成果发布会”在京召开，星河再度获评“2019中国房地产开发企业100强”。<br/>\r\n</p>\r\n<p style=\"box-sizing: border-box; margin-top: 0px; margin-bottom: 0px; padding: 0px 0px 20px; font-size: 14px; line-height: 24px; color: rgb(177, 177, 177); text-align: center;\">\r\n    <img src=\"http://www.chngalaxy.com/upload/img/2019-03-25/8d83b414-b2be-456f-8502-6840d9bfff8a.jpg\"/>\r\n</p>\r\n<p style=\"box-sizing: border-box; margin-top: 0px; margin-bottom: 0px; padding: 0px 0px 20px; font-size: 14px; line-height: 24px; color: rgb(177, 177, 177); text-align: justify;\">\r\n    不仅如此，星河旗下产业集团荣获“2019中国产业地产运营商TOP30”，位列第六；星河旗下商业管理公司星河商置（新三板代码：839819）荣膺“2019年中国商业地产百强企业”；物业管理公司星河智善生活（新三板代码：836397）同时获得“2019中国物业服务企业TOP30”大奖。<br/>\r\n</p>\r\n<p style=\"box-sizing: border-box; margin-top: 0px; margin-bottom: 0px; padding: 0px 0px 20px; font-size: 14px; line-height: 24px; color: rgb(177, 177, 177); text-align: center;\">\r\n    <img src=\"http://www.chngalaxy.com/upload/img/2019-03-25/b6b3b953-206f-4dcf-a530-7e2c2e85f678.png\"/>\r\n</p>\r\n<p style=\"box-sizing: border-box; margin-top: 0px; margin-bottom: 0px; padding: 0px 0px 20px; font-size: 14px; line-height: 24px; color: rgb(177, 177, 177); text-align: justify;\">\r\n    <img src=\"http://www.chngalaxy.com/upload/img/2019-03-25/a2794722-333b-4242-9b36-30b0d7d326d4.jpg\"/>\r\n</p>\r\n<p style=\"box-sizing: border-box; margin-top: 0px; margin-bottom: 0px; padding: 0px 0px 20px; font-size: 14px; line-height: 24px; color: rgb(177, 177, 177); text-align: center;\">\r\n    <img src=\"http://www.chngalaxy.com/upload/img/2019-03-25/824d6fda-8ed2-4a14-b850-ec3c31561560.jpg\"/>\r\n</p>\r\n<p style=\"box-sizing: border-box; margin-top: 0px; margin-bottom: 0px; padding: 0px 0px 20px; font-size: 14px; line-height: 24px; color: rgb(177, 177, 177); text-align: justify;\">\r\n    伴随调控影响的不断深入，以及房地产长效机制的逐步建立，地产行业发展已步入新常态。当“拿地-开发-销售”单一模式的瓶颈凸显，越来越多的地产商选择多元化转型。面对政策与市场之变，作为行业多元探索的先行者，星河在2018年提出全新战略定位——城市运营引领者。此次分获行业五项权威大奖，也是业界对星河多元建设与城市运营能力的认可。<br/>\r\n</p>\r\n<p style=\"box-sizing: border-box; margin-top: 0px; margin-bottom: 0px; padding: 0px 0px 20px; font-size: 14px; line-height: 24px; color: rgb(177, 177, 177); text-align: justify;\">\r\n    <br/>\r\n</p>\r\n<p style=\"box-sizing: border-box; margin-top: 0px; margin-bottom: 0px; padding: 0px 0px 20px; font-size: 14px; line-height: 24px; color: rgb(177, 177, 177); text-align: justify;\">\r\n    <strong>不断升级的“星河精品”</strong>\r\n</p>\r\n<p style=\"box-sizing: border-box; margin-top: 0px; margin-bottom: 0px; padding: 0px 0px 20px; font-size: 14px; line-height: 24px; color: rgb(177, 177, 177); text-align: justify;\">\r\n    1978年，改革开放的春风拂过大江南北。十年后，一家名为“深圳市怡和企业公司”的企业在年轻的深圳特区悄然成立。而后，小渔村发展为国际大都市，“怡和”也更名为“星河”，成长为总资产过千亿、拥有六千多位员工的大型综合性企业。2018年是改革开放四十周年，也是星河成立的第三十周年，现在的星河，布局全国二十余座大中型城市，业务涉及地产开发、城市更新、商业运营、酒店管理、物业服务、金融投资、产业运营等多元领域，拥有“星河丹堤”、“星河COCO Park”、“星河WORLD”等声誉响亮的产品品牌。\r\n</p>\r\n<p style=\"box-sizing: border-box; margin-top: 0px; margin-bottom: 0px; padding: 0px 0px 20px; font-size: 14px; line-height: 24px; color: rgb(177, 177, 177); text-align: justify;\">\r\n    “金杯银杯，不如客户的口碑。”这是星河创始人黄楚龙经常说的一句话，而对于品质与口碑的追求，也如这句话一般贯穿星河发展的始终。1995年，星河以住宅为起点踏上地产开发之路，先后开发出享誉业界的星河国际、星河丹堤等明星产品，在十多年前便屡创单盘销售过百亿的奇迹，奠定了“星河精品”在业界的优良口碑。\r\n</p>\r\n<p style=\"box-sizing: border-box; margin-top: 0px; margin-bottom: 0px; padding: 0px 0px 20px; font-size: 14px; line-height: 24px; color: rgb(177, 177, 177); text-align: justify;\">\r\n    对多元化的探索始于2004年。住宅开发之外，星河着手建设福田COCO Park，并组建专业商业运营团队，迈出转型第一步。这个突破了传统购物中心封闭式构造的项目位于深圳核心区，结合独特下沉式露天广场、自然光中庭、空中天桥设计，于国内首创情景式休闲购物模式，至今仍深受消费者认可。2018年，COCO Park入围中国商业地产项目品牌十强。\r\n</p>\r\n<p style=\"box-sizing: border-box; margin-top: 0px; margin-bottom: 0px; padding: 0px 0px 20px; font-size: 14px; line-height: 24px; color: rgb(177, 177, 177); text-align: center;\">\r\n    <img src=\"http://www.chngalaxy.com/upload/img/2019-03-25/9b4ca4f0-b50f-414c-81fd-5c68900c3533.jpg\"/>\r\n</p>\r\n<p style=\"box-sizing: border-box; margin-top: 0px; margin-bottom: 0px; padding: 0px 0px 20px; font-size: 14px; line-height: 24px; color: rgb(177, 177, 177);\">\r\n    <span style=\"text-align: justify;\">深圳福田星河COCO Park</span>\r\n</p>\r\n<p style=\"box-sizing: border-box; margin-top: 0px; margin-bottom: 0px; padding: 0px 0px 20px; font-size: 14px; line-height: 24px; color: rgb(177, 177, 177); text-align: justify;\">\r\n    而后，星河又为中心区引进世界顶级酒店丽思卡尔顿、建造5A级写字楼星河中心——这座位于特区心脏的双子楼，曾获中国建筑最高奖项鲁班奖、美国绿色建筑(LEED)认证金奖。作为中国产值最高的CBD，在福田中心区建设过程中，星河提供了包括住宅、商场、写字楼、酒店、公寓在内的全建筑品种，有业界称星河为“1/4福田CBD的缔造者”。\r\n</p>\r\n<p style=\"box-sizing: border-box; margin-top: 0px; margin-bottom: 0px; padding: 0px 0px 20px; font-size: 14px; line-height: 24px; color: rgb(177, 177, 177); text-align: justify;\">\r\n    而“星河精品”的内涵，也伴随着国家产业结构调整的步伐而不断扩充。2015年，星河推出总建筑面积160万平米、投资额超150亿元的超级总部基地深圳星河WORLD。在这一全新建筑业态中，星河实现了集住宅、商业、产业、酒店、学校及各种综合配套服务于一体的全功能产融联盟新城。除了深圳，它正在天津、南京、重庆、郑州等核心城市落地。\r\n</p>\r\n<p style=\"box-sizing: border-box; margin-top: 0px; margin-bottom: 0px; padding: 0px 0px 20px; font-size: 14px; line-height: 24px; color: rgb(177, 177, 177); text-align: justify;\">\r\n    2019年，第二座星河WORLD已在南京玄武腹地蓄势待发，为底蕴深厚的老城区带来 “留产业、留人才、留税收”的产业创新高地。\r\n</p>\r\n<p style=\"box-sizing: border-box; margin-top: 0px; margin-bottom: 0px; padding: 0px 0px 20px; font-size: 14px; line-height: 24px; color: rgb(177, 177, 177);\">\r\n    <img src=\"http://www.chngalaxy.com/upload/img/2019-03-25/8c81562b-36ef-471e-9815-dc9880c1ec4d.png\"/>\r\n</p>\r\n<p style=\"box-sizing: border-box; margin-top: 0px; margin-bottom: 0px; padding: 0px 0px 20px; font-size: 14px; line-height: 24px; color: rgb(177, 177, 177);\">\r\n    <span style=\"text-align: justify;\">南京玄武星河WORLD</span><br/>\r\n</p>\r\n<p style=\"box-sizing: border-box; margin-top: 0px; margin-bottom: 0px; padding: 0px 0px 20px; font-size: 14px; line-height: 24px; color: rgb(177, 177, 177); text-align: justify;\">\r\n    <br/>\r\n</p>\r\n<p style=\"box-sizing: border-box; margin-top: 0px; margin-bottom: 0px; padding: 0px 0px 20px; font-size: 14px; line-height: 24px; color: rgb(177, 177, 177); text-align: justify;\">\r\n    <strong>产城融投以地产红利带动城市创新升级</strong>\r\n</p>\r\n<p style=\"box-sizing: border-box; margin-top: 0px; margin-bottom: 0px; padding: 0px 0px 20px; font-size: 14px; line-height: 24px; color: rgb(177, 177, 177); text-align: justify;\">\r\n    2009年，金融危机阴云未散，星河在地产与商业之外，再次抢先迈出“半步”——布局金融领域。也在这一年，星河成为阳光保险第一大股东（现仍为重要股东）。此后，星河再进一步，陆续成为深圳创新投资集团、福田银座村镇银行的第二大股东，前海母基金、国家中小企业发展基金有限合伙人。以地产为基础、产业为引领、金融为护驾、资本运作为平台，通过深创投等合作伙伴，星河已探索出一条“产城投融”的创新发展路径，培育了一大批本土创新创业企业，以房地产红利有力带动了城市的创新升级。\r\n</p>\r\n<p style=\"box-sizing: border-box; margin-top: 0px; margin-bottom: 0px; padding: 0px 0px 20px; font-size: 14px; line-height: 24px; color: rgb(177, 177, 177); text-align: justify;\">\r\n    基于星河雄厚的地产与金融积淀，星河于2014年正式进军产业领域，历时三年便步入全国产业十强。基于前期精准的产业规划，星河产业重点布局战略新兴、文化创意、人工智能等核心产业。当前，深圳星河WORLD已入驻超500家企业，产业聚合度达77%，入驻企业不乏华为、三菱电机、高巨创新等行业龙头。据测算，星河WORLD完全建成后，将为深圳龙岗区带来100亿元的新增税收，近1000亿元的年产值，大力提升区域产业价值链。\r\n</p>\r\n<p style=\"box-sizing: border-box; margin-top: 0px; margin-bottom: 0px; padding: 0px 0px 20px; font-size: 14px; line-height: 24px; color: rgb(177, 177, 177); text-align: justify;\">\r\n    位于园区内的创新产业服务平台——星河·领创天下，是星河产业的另外一大产品形态。目前，领创天下内孵化超200家创业团队，有15家团队估值过亿，被评为“国家级众创空间”、“中国众创空间TOP10”。为加强企业在创新产业链中的粘性作用，星河产业自主或联合设立规模超50亿元的产业基金，通过星河·领创天下定向投资人工智能、航空航天等产业，形成资金链、产业链、创新链深度融合。\r\n</p>\r\n<p style=\"box-sizing: border-box; margin-top: 0px; margin-bottom: 0px; padding: 0px 0px 20px; font-size: 14px; line-height: 24px; color: rgb(177, 177, 177); text-align: justify;\">\r\n    2018年10月，由星河创投已投企业国星宇航研制的全球首个商业AI星座首星 “星河号”发射成功，后续将承担对地观测，以及包括基础设施规划、在建项目管理等及多种应用服务，提供更加安全、智能、科技的商住环境，共享“太空+城市运营”红利。星河现阶段的城市运营成果，将反哺未来的城市可持续发展之路。\r\n</p>\r\n<p style=\"box-sizing: border-box; margin-top: 0px; margin-bottom: 0px; padding: 0px 0px 20px; font-size: 14px; line-height: 24px; color: rgb(177, 177, 177); text-align: justify;\">\r\n    <br/>\r\n</p>\r\n<p style=\"box-sizing: border-box; margin-top: 0px; margin-bottom: 0px; padding: 0px 0px 20px; font-size: 14px; line-height: 24px; color: rgb(177, 177, 177); text-align: justify;\">\r\n    <strong>身沐长风 公益不止步</strong>\r\n</p>\r\n<p style=\"box-sizing: border-box; margin-top: 0px; margin-bottom: 0px; padding: 0px 0px 20px; font-size: 14px; line-height: 24px; color: rgb(177, 177, 177); text-align: justify;\">\r\n    在致力推动区域经济繁荣与城市化发展的同时，星河也在积极承担企业公民责任。2018年5月28日，由广东省普宁市人民政府倡议发起的普宁市练江母亲河保护基金会成立大会在普宁市举行。星河向该基金会捐款人民币1000万元，用于练江流域生态保护。\r\n</p>\r\n<p style=\"box-sizing: border-box; margin-top: 0px; margin-bottom: 0px; padding: 0px 0px 20px; font-size: 14px; line-height: 24px; color: rgb(177, 177, 177); text-align: justify;\">\r\n    教育，是星河常年关注的另一领域，2018年11月，由星河投入8亿元捐建的华南师范大学附属普宁学校正式开工。星河亦分别向揭阳市和普宁市政府捐赠奖教奖学基金1000万元和100万元。这座占地320余亩的学府将引入华南师范大学顶尖教育资源，建成后预计开设200余个教学班，当地学子将在家门口得到优质的、从幼儿园到高中的一站式教学。\r\n</p>\r\n<p style=\"box-sizing: border-box; margin-top: 0px; margin-bottom: 0px; padding: 0px 0px 20px; font-size: 14px; line-height: 24px; color: rgb(177, 177, 177); text-align: justify;\">\r\n    除了自身参与，星河也在尝试带动更多群体传递最真诚的公益理念。2017-2018年，星河连续两年发起创新公益活动——漂流课堂。与以往的公益方式不同，漂流课堂更加强调分享与带动，通过组织星河社区家庭中的适龄学生，在星河员工与家长的带动下，前往贫困山区，通过课堂分享和互动的形式，实现公益在不同群体之间的再接力。\r\n</p>\r\n<p style=\"box-sizing: border-box; margin-top: 0px; margin-bottom: 0px; padding: 0px 0px 20px; font-size: 14px; line-height: 24px; color: rgb(177, 177, 177); text-align: justify;\">\r\n    身沐长风，公益永不止步。2018年，星河获得第八届中国公益节“年度公益集体奖”，而由其主导发起的“漂流课堂”同时获得“年度公益项目奖”。由己及人，星河正在尝试以更广阔的方式，支持不同地区教育、环境及弱势群体生活条件的提升。截至目前，星河于慈善领域已累计投入逾10亿元，捐资助学超18亿元。在推动区域经济与城市化发展的同时，星河仍将延续着人文关怀精神，为中国公益事业贡献更多的力量。\r\n</p>\r\n<p>\r\n    <br/>\r\n</p>','2019-10-14 16:49:46'),(7,'<p class=\"enTitle\" style=\"box-sizing: border-box; margin-top: 0px; margin-bottom: 0px; padding: 0px; font-size: 30px; color: rgb(235, 60, 0); font-family: Montserrat-Regular; letter-spacing: -3px; text-transform: uppercase;\">\r\n    NEWS\r\n</p>\r\n<p class=\"title\" style=\"box-sizing: border-box; margin-top: 0px; margin-bottom: 0px; padding: 0px; font-size: 20px; color: rgb(188, 143, 75);\">\r\n    新闻中心\r\n</p>\r\n<h1 style=\"box-sizing: border-box; margin: 0px; padding: 0px; font-weight: normal; color: rgb(63, 62, 85); font-size: 30px;\">\r\n    2019.03.20\r\n</h1>\r\n<h2 style=\"box-sizing: border-box; margin: 0px; padding: 0px 0px 25px; font-weight: normal; color: rgb(63, 62, 85); font-size: 18px; opacity: 0.9;\">\r\n    星河获广东省房地产精准扶贫突出贡献企业及改革开放四十周年特别贡献企业\r\n</h2>\r\n<p style=\"box-sizing: border-box; margin-top: 0px; margin-bottom: 0px; padding: 0px 0px 20px; font-size: 14px; line-height: 24px; color: rgb(177, 177, 177);\">\r\n    3月20日，广东省房协2018年度会员大会暨第四届中国（广东）县域房地产发展论坛隆重召开，超四百位重量级政府代表、专家学者、资深人士、企业高管共襄盛会，叙话地产行业长远未来。\r\n</p>\r\n<p style=\"box-sizing: border-box; margin-top: 0px; margin-bottom: 0px; padding: 0px 0px 20px; font-size: 14px; line-height: 24px; color: rgb(177, 177, 177);\">\r\n    2018年系改革开放四十周年。在本届大会特别环节“致敬改革开放40周年颁奖仪式”中，经过协会综合评议，凭借深厚积淀及良好口碑，星河控股集团荣获“广东省房地产精准扶贫突出贡献企业”，星河地产集团荣获“广东省改革开放四十周年特别贡献企业”，星河控股集团副董事长兼总裁、深圳市福田区人大代表姚惠琼女士荣获“广东省改革开放四十周年领军人物”殊荣。星河地产集团华南区域公司常务副总裁单文先生代表出席颁奖仪式。\r\n</p>\r\n<p style=\"box-sizing: border-box; margin-top: 0px; margin-bottom: 0px; padding: 0px 0px 20px; font-size: 14px; line-height: 24px; color: rgb(177, 177, 177); text-align: center;\">\r\n    <img src=\"http://www.chngalaxy.com/upload/img/2019-03-25/592a5a06-3f1e-418c-8e1b-8cceaba83c1a.jpg\"/>\r\n</p>\r\n<p style=\"box-sizing: border-box; margin-top: 0px; margin-bottom: 0px; padding: 0px 0px 20px; font-size: 14px; line-height: 24px; color: rgb(177, 177, 177); text-align: center;\">\r\n    <img src=\"http://www.chngalaxy.com/upload/img/2019-03-25/c61b6dd1-1fa7-4d49-9efd-107cdbe37c47.jpg\"/>\r\n</p>\r\n<p style=\"box-sizing: border-box; margin-top: 0px; margin-bottom: 0px; padding: 0px 0px 20px; font-size: 14px; line-height: 24px; color: rgb(177, 177, 177); text-align: center;\">\r\n    <img src=\"http://www.chngalaxy.com/upload/img/2019-03-25/98f7e586-7cd5-4068-9f29-c9a77f481417.jpg\"/>\r\n</p>\r\n<p style=\"box-sizing: border-box; margin-top: 0px; margin-bottom: 0px; padding: 0px 0px 20px; font-size: 14px; line-height: 24px; color: rgb(177, 177, 177);\">\r\n    星河诞生于改革开放的浪潮之中，与深圳特区共同成长。秉承“诚信、创新、责任、共赢”的价值观，星河现已发展为一家资产过千亿元的大型综合性企业，业务涉及地产开发、城市更新、商业运营、酒店管理、物业服务、金融投资、产业运营等多元领域，业务覆盖珠三角、长三角、京津冀三大重要城市经济圈23城。地产已开发面积超5000万平方米，连续八年荣膺中国房地产百强；星河产业拥有产融联盟新城、双创社区、特色小镇等多元产品形态，位列全国产业地产六强；星河金融自有资金投资超200亿元，系深创投、福田银座村镇银行第二大股东，阳光保险、前海母基金、国家中小企业发展基金重要股东；星河商置（证券代码：839819）服务规模超200万平方米，荣获中国商业地产品牌十强；作为全国物业百强企业的星河智善生活（证券代码：836397），以“星服务，心托付”的理念服务着全国超五十个项目。<br/>\r\n</p>\r\n<p style=\"box-sizing: border-box; margin-top: 0px; margin-bottom: 0px; padding: 0px 0px 20px; font-size: 14px; line-height: 24px; color: rgb(177, 177, 177);\">\r\n    多年来，星河始终紧随时代发展脚步。党的十九大报告提出，加快建立多主体供给、多渠道保障、租购并举的住房制度。星河积极响应十九大精神，创新长租一体化运营模式，斥资150亿元，联合中国建设银行打造全国首个整租社区“CCB建融家园·星河荣御”。<br/>\r\n</p>\r\n<p style=\"box-sizing: border-box; margin-top: 0px; margin-bottom: 0px; padding: 0px 0px 20px; font-size: 14px; line-height: 24px; color: rgb(177, 177, 177);\">\r\n    作为深耕珠三角三十余年的大型综合性企业，在经营发展壮大的过程中，星河始终不忘初心，秉承“取之于社会，回馈于社会”的理念，不辍践行社会公益与慈善事业，积极参与国家精准扶贫、环境治理、医疗教育等慈善公益行动，铸造正能量的企业灵魂。<br/>\r\n</p>\r\n<p style=\"box-sizing: border-box; margin-top: 0px; margin-bottom: 0px; padding: 0px 0px 20px; font-size: 14px; line-height: 24px; color: rgb(177, 177, 177);\">\r\n    2018年，星河先后组织“星河公益·520吾爱同享”、“星与爱同行·漂流课堂”等品牌公益活动，带领更多人参与到公益活动中。同时，星河无偿捐赠150万元，用于贵州省渔洞村、金星村、摆谷六村的帮扶行动；并向广东省普宁市、广州市南沙区捐赠人民币一千万元，分别用于普宁练江母亲河保护及南沙区中小学空调安装。在捐资助学方面，2018年11月18日，由由星河捐资超8亿元建设的华南师范大学附属普宁学校开工。星河同期向揭阳市人民政府捐赠奖教奖学基金1000万元、向普宁市人民政府捐赠奖教奖学基金100万元，用于支持揭阳及普宁市提升教育教学质量和办学水平。<br/>\r\n</p>\r\n<p style=\"box-sizing: border-box; margin-top: 0px; margin-bottom: 0px; padding: 0px 0px 20px; font-size: 14px; line-height: 24px; color: rgb(177, 177, 177);\">\r\n    三十年来，星河累计无偿公益投入超二十八亿元，捐建包括河南兰考星河中学、云南孤儿学校、青海玉树孤儿学校、甘肃百年老校——陇南文县城关一小学校在内的二十多所学校，组织参与公益项目六十多个。作为企业公民，饮水思源，共同追求对社会有益的终极价值，是星河始终如一的追求。<br/>\r\n</p>\r\n<p style=\"box-sizing: border-box; margin-top: 0px; margin-bottom: 0px; padding: 0px 0px 20px; font-size: 14px; line-height: 24px; color: rgb(177, 177, 177);\">\r\n    凭借积极承担社会责任的良好口碑、以及颇具创新性的公益实践，星河多次获评“鹏城慈善企业”称号，并获得第八届中国公益节“年度公益集体奖”，由星河发起的大型公益漂流课堂活动“星与爱同行”收获“年度公益项目奖”。2018年，星河荣膺深圳市福田区慈善会颁发的“大爱福田慈善企业金奖”，系唯一获得此奖的企业。<br/>\r\n</p>\r\n<p style=\"box-sizing: border-box; margin-top: 0px; margin-bottom: 0px; padding: 0px 0px 20px; font-size: 14px; line-height: 24px; color: rgb(177, 177, 177);\">\r\n    从“房子可以当商品卖”到“房住不炒”，从第一场土拍到如今租售并举，改革开放40年来，中国房地产业在经历了翻天覆地的变化，接受了数轮的洗礼与成长。星河和每一家房企及从业者一起，都是时代的亲历者与见证人。致敬中国改革开放40 周年，同样是向时代里不断锐意进取的拓荒者致敬。<br/>\r\n</p>\r\n<p style=\"box-sizing: border-box; margin-top: 0px; margin-bottom: 0px; padding: 0px 0px 20px; font-size: 14px; line-height: 24px; color: rgb(177, 177, 177);\">\r\n    未来，星河仍将秉承开拓进取的创新精神，以“城市运营引领者”为使命，积极履行企业责任。在中国城镇化升级、消费升级和产业升级的时代浪潮中，星河将持续致力于把领先的城市运营模式带到不同区域，为当地发展做出贡献，为更多地方带来美好人居生活。\r\n</p>\r\n<p>\r\n    <br/>\r\n</p>','2019-10-14 16:50:31'),(8,'<p class=\"enTitle\" style=\"box-sizing: border-box; margin-top: 0px; margin-bottom: 0px; padding: 0px; font-size: 30px; color: rgb(235, 60, 0); font-family: Montserrat-Regular; letter-spacing: -3px; text-transform: uppercase;\">\r\n    NEWS\r\n</p>\r\n<p class=\"title\" style=\"box-sizing: border-box; margin-top: 0px; margin-bottom: 0px; padding: 0px; font-size: 20px; color: rgb(188, 143, 75);\">\r\n    新闻中心\r\n</p>\r\n<h1 style=\"box-sizing: border-box; margin: 0px; padding: 0px; font-weight: normal; color: rgb(63, 62, 85); font-size: 30px;\">\r\n    2019.01.15\r\n</h1>\r\n<h2 style=\"box-sizing: border-box; margin: 0px; padding: 0px 0px 25px; font-weight: normal; color: rgb(63, 62, 85); font-size: 18px; opacity: 0.9;\">\r\n    与爱同行 星河收获“年度公益集体奖”与“年度公益项目奖”\r\n</h2>\r\n<p style=\"box-sizing: border-box; margin-top: 0px; margin-bottom: 0px; padding: 0px 0px 20px; font-size: 14px; line-height: 24px; color: rgb(177, 177, 177); text-align: justify;\">\r\n    2019年1月14至15日，第八届中国公益节在北京拉开帷幕。作为中国公益慈善领域最具影响力的品牌活动，本届公益节以“公益创造美好”为主题，逾千位各界公益领袖、超两百家权威媒体代表出席。\r\n</p>\r\n<p style=\"box-sizing: border-box; margin-top: 0px; margin-bottom: 0px; padding: 0px 0px 20px; font-size: 14px; line-height: 24px; color: rgb(177, 177, 177); text-align: justify;\">\r\n    凭借积极承担社会责任的良好口碑、以及颇具创新性的公益实践，星河控股集团获评“年度公益集体奖”，由星河发起的大型公益漂流课堂活动“星与爱同行”收获 “年度公益项目奖”。\r\n</p>\r\n<p style=\"box-sizing: border-box; margin-top: 0px; margin-bottom: 0px; padding: 0px 0px 20px; font-size: 14px; line-height: 24px; color: rgb(177, 177, 177); text-align: justify;\">\r\n    <img src=\"http://www.chngalaxy.com/upload/img/2019-02-25/8f3db1e8-13c7-4a2b-9235-6532fc2b0a4b.jpg\"/>\r\n</p>\r\n<p style=\"box-sizing: border-box; margin-top: 0px; margin-bottom: 0px; padding: 0px 0px 20px; font-size: 14px; line-height: 24px; color: rgb(177, 177, 177); text-align: justify;\">\r\n    <br/>\r\n</p>\r\n<p style=\"box-sizing: border-box; margin-top: 0px; margin-bottom: 0px; padding: 0px 0px 20px; font-size: 14px; line-height: 24px; color: rgb(177, 177, 177);\">\r\n    <br/>\r\n</p>\r\n<p style=\"box-sizing: border-box; margin-top: 0px; margin-bottom: 0px; padding: 0px 0px 20px; font-size: 14px; line-height: 24px; color: rgb(177, 177, 177); text-align: justify;\">\r\n    <strong>以人为本 教育为先</strong>\r\n</p>\r\n<p style=\"box-sizing: border-box; margin-top: 0px; margin-bottom: 0px; padding: 0px 0px 20px; font-size: 14px; line-height: 24px; color: rgb(177, 177, 177); text-align: justify;\">\r\n    2018年11月18日，华南师范大学附属普宁学校正式开工。这所占地320余亩、总共开设超200个教学班的学府，将配备顶尖硬件设施，以及来自华师体系的优质教师，提供从幼儿园到高中的一站式教育——而普宁学校开工建设所需的八亿元，全数由星河无偿捐赠。八亿元之外，星河分别向揭阳市及普宁市人民政府捐赠奖教奖学基金1000万元及100万元，用于改善当地的办学水平。\r\n</p>\r\n<p style=\"box-sizing: border-box; margin-top: 0px; margin-bottom: 0px; padding: 0px 0px 20px; font-size: 14px; line-height: 24px; color: rgb(177, 177, 177); text-align: justify;\">\r\n    <img src=\"http://www.chngalaxy.com/upload/img/2018-12-06/cec20579-4938-4b31-bd86-73bbe148429c.jpg\"/><br/>\r\n</p>\r\n<p style=\"box-sizing: border-box; margin-top: 0px; margin-bottom: 0px; padding: 0px 0px 20px; font-size: 14px; line-height: 24px; color: rgb(177, 177, 177); text-align: justify;\">\r\n    这是星河与华南师范大学自2011年以来的第五次携手，也是星河三十年间对教育躬耕不辍的再一次尝试。以深圳为起点，星河的公益足迹遍布中国的大江南北，兴建了二十余所学校，以实际行动致力于当地教育力量的提升。\r\n</p>\r\n<p style=\"box-sizing: border-box; margin-top: 0px; margin-bottom: 0px; padding: 0px 0px 20px; font-size: 14px; line-height: 24px; color: rgb(177, 177, 177); text-align: justify;\">\r\n    “这八年来，星河是华南师范大学最好的合作伙伴之一。” 谈及与星河的合作，华南师范大学党委书记朱孔军表示，“我们八年前和星河共同建设的华南师范大学附属惠阳学校已经成为惠州市的优质教育平台。在整个的运营过程中，星河倾注了大量的心血，给予了一贯的帮助和支持。”\r\n</p>\r\n<p style=\"box-sizing: border-box; margin-top: 0px; margin-bottom: 0px; padding: 0px 0px 20px; font-size: 14px; line-height: 24px; color: rgb(177, 177, 177); text-align: justify;\">\r\n    对星河而言，学校的建设只是公益道路上的第一步，后期持之以恒的关注与投入同样重要。时间回溯到2008年，四川汶川发生8.0级地震。在向受灾地区捐赠666万元用于过渡安置房建设之余，星河就文县城关第一小学展开灾后重建工作。2010年5月，投资900万元的新教学楼顺利交付，成为当地样板工程，可容纳逾1500名学生就读。此后，星河定期与深圳NGO组织合作，开展文县城关一小的回访活动，并陆续捐赠电脑、2000套课桌椅、3000套书籍文具等教学设施，长期关注着当地教学水平的完善。\r\n</p>\r\n<p style=\"box-sizing: border-box; margin-top: 0px; margin-bottom: 0px; padding: 0px 0px 20px; font-size: 14px; line-height: 24px; color: rgb(177, 177, 177); text-align: justify;\">\r\n    <br/>\r\n</p>\r\n<p style=\"box-sizing: border-box; margin-top: 0px; margin-bottom: 0px; padding: 0px 0px 20px; font-size: 14px; line-height: 24px; color: rgb(177, 177, 177); text-align: justify;\">\r\n    <strong>“大家好，才是真的好”</strong>\r\n</p>\r\n<p style=\"box-sizing: border-box; margin-top: 0px; margin-bottom: 0px; padding: 0px 0px 20px; font-size: 14px; line-height: 24px; color: rgb(177, 177, 177); text-align: justify;\">\r\n    “你好，我才好；大家好，才是真的好”是星河控股集团董事长黄楚龙时常挂在嘴边的一句话。作为企业公民，在切实推动城市经济发展的同时，星河也将对社会的责任摆在首位。\r\n</p>\r\n<p style=\"box-sizing: border-box; margin-top: 0px; margin-bottom: 0px; padding: 0px 0px 20px; font-size: 14px; line-height: 24px; color: rgb(177, 177, 177); text-align: justify;\">\r\n    此次获得“年度公益项目”的漂流课堂活动亦是这样理念下的一次全新实践。与以往的公益方式不同，漂流课堂更加强调分享与带动，通过组织星河社区家庭中的适龄学生，在星河员工与家长的带动下，前往贫困山区，通过课堂分享和互动的形式，传递最真诚的公益心意。用欢乐共享的方式，以己之力实现公益在不同群体之间的再接力。\r\n</p>\r\n<p style=\"box-sizing: border-box; margin-top: 0px; margin-bottom: 0px; padding: 0px 0px 20px; font-size: 14px; line-height: 24px; color: rgb(177, 177, 177); text-align: justify;\">\r\n    2017年9月，首届漂流课堂活动到访肇庆市封开县渔捞镇蕨村西山小学、肇庆市封开县莲都镇民益小学。数百户星河业主家庭报名参与，最终经过重重筛选，共一百户业主家庭带着数千本图书和长轴画卷来到山区小学，共同度过了一个快乐的周末。\r\n</p>\r\n<p style=\"box-sizing: border-box; margin-top: 0px; margin-bottom: 0px; padding: 0px 0px 20px; font-size: 14px; line-height: 24px; color: rgb(177, 177, 177); text-align: justify;\">\r\n    时隔一年，漂流课堂的脚步来到了肇庆市德庆县九市镇洞寮村洞寮小学。在星河员工的带领和组织下，同样是一百户业主家庭，将精心准备的图书、亲自绘制的画卷等物资无偿捐赠给当地学校的孩子们。星河亦向该学校捐资50万元，助力教育事业发展。\r\n</p>\r\n<p style=\"box-sizing: border-box; margin-top: 0px; margin-bottom: 0px; padding: 0px 0px 20px; font-size: 14px; line-height: 24px; color: rgb(177, 177, 177); text-align: center;\">\r\n    <img src=\"http://www.chngalaxy.com/upload/img/2019-02-25/cdc3a5b3-fce0-4066-b806-a7a8cee76aa6.jpg\"/>\r\n</p>\r\n<p style=\"box-sizing: border-box; margin-top: 0px; margin-bottom: 0px; padding: 0px 0px 20px; font-size: 14px; line-height: 24px; color: rgb(177, 177, 177); text-align: justify;\">\r\n    <br/>\r\n</p>\r\n<p style=\"box-sizing: border-box; margin-top: 0px; margin-bottom: 0px; padding: 0px 0px 20px; font-size: 14px; line-height: 24px; color: rgb(177, 177, 177); text-align: justify;\">\r\n    漂流课堂活动仍将继续。而从2002年星河向深圳红十字协会捐赠的1000万元，到后来捐资3000万元创立的楚龙创新基金、捐赠1000万元成立的星河优抚基金，再到带动客户与合作伙伴共同参与进公益事业中，由己及人，星河正在尝试以更广阔的方式，支持当地科技、教育、弱势群体生活条件的提升。截至目前，星河于慈善、宗教领域已累计投入逾10亿元，捐资助学超18亿元，在推动区域经济与城市化发展的同时，仍将延续着人文关怀精神，为中国公益事业贡献更多的力量。\r\n</p>\r\n<p style=\"box-sizing: border-box; margin-top: 0px; margin-bottom: 0px; padding: 0px 0px 20px; font-size: 14px; line-height: 24px; color: rgb(177, 177, 177); text-align: justify;\">\r\n    <br/>\r\n</p>\r\n<p>\r\n    <br/>\r\n</p>','2019-10-14 16:51:21'),(9,'<p class=\"enTitle\" style=\"box-sizing: border-box; margin-top: 0px; margin-bottom: 0px; padding: 0px; font-size: 30px; color: rgb(235, 60, 0); font-family: Montserrat-Regular; letter-spacing: -3px; text-transform: uppercase;\">\r\n    NEWS\r\n</p>\r\n<p class=\"title\" style=\"box-sizing: border-box; margin-top: 0px; margin-bottom: 0px; padding: 0px; font-size: 20px; color: rgb(188, 143, 75);\">\r\n    新闻中心\r\n</p>\r\n<h1 style=\"box-sizing: border-box; margin: 0px; padding: 0px; font-weight: normal; color: rgb(63, 62, 85); font-size: 30px;\">\r\n    2018.12.25\r\n</h1>\r\n<h2 style=\"box-sizing: border-box; margin: 0px; padding: 0px 0px 25px; font-weight: normal; color: rgb(63, 62, 85); font-size: 18px; opacity: 0.9;\">\r\n    从建设城市到运营城市 星河斩获 “年度最具城市运营能力企业”大奖\r\n</h2>\r\n<p style=\"box-sizing: border-box; margin-top: 0px; margin-bottom: 0px; padding: 0px 0px 20px; font-size: 14px; line-height: 24px; color: rgb(177, 177, 177); text-align: justify;\">\r\n    改革开放以来，中国实践着世界历史上规模最大、速度最快的城市化发展进程。公开数据显示，城市化率由1978年的17.9%提升至2017年年底的58.2%，城市人口由1.7亿增长至8.1亿人，中国城镇面貌发生剧变。而伴随城镇化进程的推进，房地产开发商的身份角色也开始悄然转变，由以往的地产开发、建商住楼为主，向城市综合运营转型。\r\n</p>\r\n<p style=\"box-sizing: border-box; margin-top: 0px; margin-bottom: 0px; padding: 0px 0px 20px; font-size: 14px; line-height: 24px; color: rgb(177, 177, 177); text-align: justify;\">\r\n    12月25日，第13届第一财经·中国房地产荣耀榜单公布。在新经济周期与新型城镇化进程中，凭借卓越城市运营能力，星河斩获“年度城市运营能力企业”殊荣。\r\n</p>\r\n<p style=\"box-sizing: border-box; margin-top: 0px; margin-bottom: 0px; padding: 0px 0px 20px; font-size: 14px; line-height: 24px; color: rgb(177, 177, 177); text-align: center;\">\r\n    <img src=\"http://www.chngalaxy.com/upload/img/2019-02-25/77505aee-9ead-4b17-b8a5-2ad9927fbcc1.png\"/>\r\n</p>\r\n<p style=\"box-sizing: border-box; margin-top: 0px; margin-bottom: 0px; padding: 0px 0px 20px; font-size: 14px; line-height: 24px; color: rgb(177, 177, 177); text-align: justify;\">\r\n    <strong><br/></strong>\r\n</p>\r\n<p style=\"box-sizing: border-box; margin-top: 0px; margin-bottom: 0px; padding: 0px 0px 20px; font-size: 14px; line-height: 24px; color: rgb(177, 177, 177); text-align: justify;\">\r\n    <strong>住宅之外 为业界称道的“星河精品”</strong>\r\n</p>\r\n<p style=\"box-sizing: border-box; margin-top: 0px; margin-bottom: 0px; padding: 0px 0px 20px; font-size: 14px; line-height: 24px; color: rgb(177, 177, 177); text-align: justify;\">\r\n    “金杯银杯，不如客户的口碑。”正如星河创始人黄楚龙所言，对于品质与口碑的追求，贯穿星河产品发展的始终。1995年，星河以住宅为起点踏上地产开发之路，先后开发出享誉业界的“星河三明珠（星河华居、雅居、明居）”、星河国际、星河丹堤等明星产品，在十多年前便屡创单盘销售过百亿的奇迹，引领深圳住宅市场。\r\n</p>\r\n<p style=\"box-sizing: border-box; margin-top: 0px; margin-bottom: 0px; padding: 0px 0px 20px; font-size: 14px; line-height: 24px; color: rgb(177, 177, 177); text-align: justify;\">\r\n    在住宅开发中游刃有余的星河并未就此止步，而是开始尝试为住宅纳入更多附加价值。2004年，星河着手建设福田COCO Park。这一深圳地标级商业项目的建设初衷之一，便是为紧邻的星河国际业主提供最优质的商业资源。与之相配，星河组建了专业商业运营团队，在十四面前便率先迈出了转型的第一步。\r\n</p>\r\n<p style=\"box-sizing: border-box; margin-top: 0px; margin-bottom: 0px; padding: 0px 0px 20px; font-size: 14px; line-height: 24px; color: rgb(177, 177, 177); text-align: justify;\">\r\n    福田星河COCO Park位于深圳核心区，是华南第一家引入景观环境设计的商业项目。它突破了传统购物中心的封闭式构造，结合独特的下沉式露天广场、自然光中庭、空中天桥设计，于国内首创情景式休闲购物模式，其主打的健康休闲概念，开业至今深受消费者认可。2018年，COCO Park入围中国商业地产项目品牌十强。\r\n</p>\r\n<p style=\"box-sizing: border-box; margin-top: 0px; margin-bottom: 0px; padding: 0px 0px 20px; font-size: 14px; line-height: 24px; color: rgb(177, 177, 177); text-align: justify;\">\r\n    而后，星河又为中心区引进世界顶级酒店丽思卡尔顿、建造5A级写字楼星河中心——这座位于特区心脏的双子楼，曾获中国建筑最高奖项鲁班奖、美国绿色建筑(LEED)认证金奖。作为中国产值最高的CBD，在福田中心区建设过程中，星河提供了包括住宅、商场、写字楼、酒店、公寓在内的全建筑品种。有业界称星河为“1/4福田CBD的缔造者”，作为印证，在中心区，星河二字举目可见。\r\n</p>\r\n<p style=\"box-sizing: border-box; margin-top: 0px; margin-bottom: 0px; padding: 0px 0px 20px; font-size: 14px; line-height: 24px; color: rgb(177, 177, 177); text-align: justify;\">\r\n    而“星河精品”的内涵，也伴随着国家产业结构调整的步伐而不断扩充。2015年，星河推出总建筑面积160万平米、投资额超150亿元的超级总部基地深圳星河WORLD。在这一全新建筑业态中，星河最终实现了集住宅、商业、产业、酒店、学校及各种综合配套服务于一身的全功能产城融合体。在星河产业的产品线中，这样的业态被称为“产融联盟新城”，除了深圳，它正在天津、南京、重庆、郑州等核心城市快速落地。\r\n</p>\r\n<p style=\"box-sizing: border-box; margin-top: 0px; margin-bottom: 0px; padding: 0px 0px 20px; font-size: 14px; line-height: 24px; color: rgb(177, 177, 177); text-align: justify;\">\r\n    当下，星河已开发面积超过3000万平方米，并握有3300万平方米位于中国核心城市圈的土地储备。而这也为星河转型后的发展提供了有力支撑——就在今年六月的星河30周年品牌暨战略发布会上，星河颁布了全新的品牌定位：城市运营引领者，并外披露未来五年的战略方向，正式对外界宣告由“城市空间提供商”转型至“城市运营者”。\r\n</p>\r\n<p style=\"box-sizing: border-box; margin-top: 0px; margin-bottom: 0px; padding: 0px 0px 20px; font-size: 14px; line-height: 24px; color: rgb(177, 177, 177); text-align: justify;\">\r\n    <br/>\r\n</p>\r\n<p style=\"box-sizing: border-box; margin-top: 0px; margin-bottom: 0px; padding: 0px 0px 20px; font-size: 14px; line-height: 24px; color: rgb(177, 177, 177); text-align: justify;\">\r\n    <strong>产融赋能 星河的城市运营之道</strong>\r\n</p>\r\n<p style=\"box-sizing: border-box; margin-top: 0px; margin-bottom: 0px; padding: 0px 0px 20px; font-size: 14px; line-height: 24px; color: rgb(177, 177, 177); text-align: justify;\">\r\n    临近60%的城镇化率与超过八亿的城镇人口背后，是一个以城市新城区开发建设促进城市群发展的新历史时期。如何在新周期下更好地推动城市运营，深圳星河WORLD是星河交出的一份探索答卷。而在回答之前，星河就开始尝试从房地产之外来参与城市生态系统。\r\n</p>\r\n<p style=\"box-sizing: border-box; margin-top: 0px; margin-bottom: 0px; padding: 0px 0px 20px; font-size: 14px; line-height: 24px; color: rgb(177, 177, 177); text-align: justify;\">\r\n    2009年，金融危机带来的影响还未消散，星河在地产与商业之外抢先迈出了“半步”——着手布局金融领域。也在这一年，星河成为了阳光保险第一大股东（现仍为重要股东）。此后，星河再进一步，陆续成为深圳创新投资集团、福田银座村镇银行的第二大股东，前海母基金、国家中小企业发展基金有限合伙人。以金融为纽带，通过深创投等合作伙伴，星河培育了一大批本土创新创业企业，以房地产红利有力带动了城市的创新升级。\r\n</p>\r\n<p style=\"box-sizing: border-box; margin-top: 0px; margin-bottom: 0px; padding: 0px 0px 20px; font-size: 14px; line-height: 24px; color: rgb(177, 177, 177); text-align: justify;\">\r\n    基于星河雄厚的地产与金融积淀，星河于2014年正式进军产业领域，历时三年便步入全国产业十强。基于前期精准的产业规划，星河产业重点布局战略新兴、文化创意、人工智能等核心产业。当前，深圳星河WORLD已入驻超500家企业，产业聚合度达75%，入驻企业不乏华为、三菱电机、五矿证券、高巨创新等行业龙头。据测算，星河WORLD完全建成后，将为深圳龙岗区带来100亿元的新增税收，近1000亿元的年产值，大力提升区域产业价值链。\r\n</p>\r\n<p style=\"box-sizing: border-box; margin-top: 0px; margin-bottom: 0px; padding: 0px 0px 20px; font-size: 14px; line-height: 24px; color: rgb(177, 177, 177); text-align: justify;\">\r\n    位于园区内的创新产业服务平台——星河·领创天下，是星河产业的另外一大产品形态。目前，领创天下内孵化超百家创业团队，有5家B轮估值过亿，被评为“国家级众创空间”、“中国众创空间TOP10”。为加强企业在创新产业链中的粘性作用，星河产业自主或联合设立规模超45亿元的产业基金，通过星河·领创天下定向投资人工智能、智能制造、商业航天等产业，包括ROADSTAR、格诺生物、国星宇航、灵喵机器人等一大批独角兽企业，形成资金链、产业链、创新链深度融合。\r\n</p>\r\n<p style=\"box-sizing: border-box; margin-top: 0px; margin-bottom: 0px; padding: 0px 0px 20px; font-size: 14px; line-height: 24px; color: rgb(177, 177, 177); text-align: justify;\">\r\n    值得一提的是，今年十月，由星河创投已投企业国星宇航研制的全球首个商业AI星座首星 “星河号”发射成功，后续将承担对地观测，以及包括基础设施规划、在建项目管理等及多种应用服务，提供更加安全、智能、科技的商住环境，共享“太空+城市运营”红利。星河现阶段的城市运营成果，将反哺未来的城市可持续发展之路。\r\n</p>\r\n<p>\r\n    <br/>\r\n</p>','2019-10-14 16:52:04'),(10,'<p class=\"enTitle\" style=\"box-sizing: border-box; margin-top: 0px; margin-bottom: 0px; padding: 0px; font-size: 30px; color: rgb(235, 60, 0); font-family: Montserrat-Regular; letter-spacing: -3px; text-transform: uppercase;\">\r\n    NEWS\r\n</p>\r\n<p class=\"title\" style=\"box-sizing: border-box; margin-top: 0px; margin-bottom: 0px; padding: 0px; font-size: 20px; color: rgb(188, 143, 75);\">\r\n    新闻中心\r\n</p>\r\n<h1 style=\"box-sizing: border-box; margin: 0px; padding: 0px; font-weight: normal; color: rgb(63, 62, 85); font-size: 30px;\">\r\n    2018.11.30\r\n</h1>\r\n<h2 style=\"box-sizing: border-box; margin: 0px; padding: 0px 0px 25px; font-weight: normal; color: rgb(63, 62, 85); font-size: 18px; opacity: 0.9;\">\r\n    “城市运营引领者” 定位获业界认可 星河荣膺年度品牌典范奖\r\n</h2>\r\n<p style=\"box-sizing: border-box; margin-top: 0px; margin-bottom: 0px; padding: 0px 0px 20px; font-size: 14px; line-height: 24px; color: rgb(177, 177, 177); text-align: justify;\">\r\n    11月30日，第八届中国财经峰会在北京拉开帷幕。本届论坛以“大时代：变革与突破”为主题，逾千位来自政、商、学、传媒及文化领域代表赴会，共同探寻中国经济转型与升级新路径。在今年六月发布全新品牌定位——“城市运营引领者”的星河，此番再受业界认可，获评“2018年度品牌典范奖”。\r\n</p>\r\n<p style=\"box-sizing: border-box; margin-top: 0px; margin-bottom: 0px; padding: 0px 0px 20px; font-size: 14px; line-height: 24px; color: rgb(177, 177, 177); text-align: center;\">\r\n    <img src=\"http://www.chngalaxy.com/upload/img/2018-12-06/15df7149-a0c7-45a4-90bc-4318740b14fa.png\"/>\r\n</p>\r\n<p style=\"box-sizing: border-box; margin-top: 0px; margin-bottom: 0px; padding: 0px 0px 20px; font-size: 14px; line-height: 24px; color: rgb(177, 177, 177); text-align: justify;\">\r\n    <br/>\r\n</p>\r\n<p style=\"box-sizing: border-box; margin-top: 0px; margin-bottom: 0px; padding: 0px 0px 20px; font-size: 14px; line-height: 24px; color: rgb(177, 177, 177); text-align: justify;\">\r\n    <strong>从地产开发到运营城市的品牌战略转型</strong>\r\n</p>\r\n<p style=\"box-sizing: border-box; margin-top: 0px; margin-bottom: 0px; padding: 0px 0px 20px; font-size: 14px; line-height: 24px; color: rgb(177, 177, 177); text-align: justify;\">\r\n    1995年，星河正式踏上地产专业开发之路，在深圳先后开发了怡和山庄、祥和花园等多个项目。而后，伴随深圳星河国际、深圳星河丹堤等一系列明星项目的落成，奠定了“星河精品”在业界的优良口碑。在多数房企开疆拓土、追寻规模效益的同时，星河开始了对多元化的探索。\r\n</p>\r\n<p style=\"box-sizing: border-box; margin-top: 0px; margin-bottom: 0px; padding: 0px 0px 20px; font-size: 14px; line-height: 24px; color: rgb(177, 177, 177); text-align: justify;\">\r\n    2004年，星河组建专业商业运营团队。两年后，伴随福田COCO Park完工，星河为深圳筑就了崭新的空间体验。作为全国首个情景式体验型购物中心，也是深圳第一个露天型开放式的购物中心， COCO Park已成为华南商业地标，并逐渐形成深圳新一代酒吧文化区。而今，包括COCO Park、COCO City、COCO Garden、iCO在内的“COCO”系商业品牌已然多点开花，星河在不断以新的商业尝试，带动区域商业的转型与升级。\r\n</p>\r\n<p style=\"box-sizing: border-box; margin-top: 0px; margin-bottom: 0px; padding: 0px 0px 20px; font-size: 14px; line-height: 24px; color: rgb(177, 177, 177); text-align: justify;\">\r\n    金融与产业领域的前瞻布局，则为后续星河的长足发展提供原动力。2009年始，星河陆续成为阳光保险、深圳创新投资集团、福田银座村镇银行、前海母基金、国家中小企业发展基金重要股东。而在2014年，星河正式进军产业领域，历时三年便步入全国产业十强。以地产为载体、产业为基础、金融为纽带、资本运作为平台，星河已探索出一条“产城投融”的创新发展路径。而凭借早年布局的丰厚金融背景，以金融投资赋能产业发展，则成就星河 “产城融投”发展模式的独特优势。\r\n</p>\r\n<p style=\"box-sizing: border-box; margin-top: 0px; margin-bottom: 0px; padding: 0px 0px 20px; font-size: 14px; line-height: 24px; color: rgb(177, 177, 177); text-align: justify;\">\r\n    星河WORLD超级总部基地、国家级众创空间“星河·领创天下”正是该模式成功运营的体现。作为“园区+金融”双闭环总部基地，星河WORLD集研发办公、产业孵化、居住、消费、教育等全场景功能于一身。而星河·领创天下提供的伴随企业全生命周期服务，则为大量高科技企业提供创业孵化指引。今年十月，由星河创投已投企业国星宇航研制的全球首个商业AI星座首星 “星河号”发射成功，后续将承担对地观测及多种应用服务。星河金融投资及产业运营，成果渐显。\r\n</p>\r\n<p style=\"box-sizing: border-box; margin-top: 0px; margin-bottom: 0px; padding: 0px 0px 20px; font-size: 14px; line-height: 24px; color: rgb(177, 177, 177); text-align: justify;\">\r\n    当下，作为特色显著的综合性企业集团，星河资产规模已超千亿，布局超20城，并构筑地产、金融、产业、商置、物业融合共驱的生态圈。在今年六月的30周年品牌暨战略发布会上，星河颁布了全新的品牌定位——城市运营引领者。在从“城市空间提供商”到“城市运营者”成功转型过程中，星河始终践行“多元化、专业化、国际化”的可持续发展之路，深度服务城市。\r\n</p>\r\n<p style=\"box-sizing: border-box; margin-top: 0px; margin-bottom: 0px; padding: 0px 0px 20px; font-size: 14px; line-height: 24px; color: rgb(177, 177, 177); text-align: justify;\">\r\n    <br/>\r\n</p>\r\n<p style=\"box-sizing: border-box; margin-top: 0px; margin-bottom: 0px; padding: 0px 0px 20px; font-size: 14px; line-height: 24px; color: rgb(177, 177, 177); text-align: justify;\">\r\n    <strong>捐资助学 公益不辍</strong>\r\n</p>\r\n<p style=\"box-sizing: border-box; margin-top: 0px; margin-bottom: 0px; padding: 0px 0px 20px; font-size: 14px; line-height: 24px; color: rgb(177, 177, 177); text-align: justify;\">\r\n    在致力推动区域经济繁荣与城市化发展的同时，星河也在积极承担企业公民责任，为中国公益事业贡献更多的力量。\r\n</p>\r\n<p style=\"box-sizing: border-box; margin-top: 0px; margin-bottom: 0px; padding: 0px 0px 20px; font-size: 14px; line-height: 24px; color: rgb(177, 177, 177); text-align: justify;\">\r\n    2018年11月18日上午，由星河投入8亿元捐建的华南师范大学附属普宁学校正式开工。开工当天，星河分别向揭阳市政府和普宁市政府捐赠奖教奖学基金1000万元和100万元。这座占地320余亩的学府将引入华南师范大学顶尖教育资源，建成后预计开设200余个教学班，当地学子将在家门口得到优质的、从幼儿园到高中的一站式教学。\r\n</p>\r\n<p style=\"box-sizing: border-box; margin-top: 0px; margin-bottom: 0px; padding: 0px 0px 20px; font-size: 14px; line-height: 24px; color: rgb(177, 177, 177); text-align: justify;\">\r\n    而星河对公益与教育的关注早有迹可循。2008年，四川汶川发生8.0级地震。在向受灾地区捐赠666万元用于过渡安置房建设之余，星河就文县城关一小展开灾后重建工作。2010年5月，投资近900万元的新教学楼顺利交付，成为当地样板工程，可容纳逾1500名学生就读。\r\n</p>\r\n<p style=\"box-sizing: border-box; margin-top: 0px; margin-bottom: 0px; padding: 0px 0px 20px; font-size: 14px; line-height: 24px; color: rgb(177, 177, 177); text-align: justify;\">\r\n    星河控股董事长黄楚龙曾言，教育是国家的根本，孩子是祖国的未来，星河对教育的投入，能给小孩多读书是造福千秋万代的一件大事。知行合一，星河已在教育领域无偿投入18亿元，在全国兴建了二十余所学校。\r\n</p>\r\n<p style=\"box-sizing: border-box; margin-top: 0px; margin-bottom: 0px; padding: 0px 0px 20px; font-size: 14px; line-height: 24px; color: rgb(177, 177, 177); text-align: justify;\">\r\n    城市创新与升级的动力源于教育。而星河正以实际行动致力于各学校师资力量的提升与硬件设施的完善，全力支持中国教育事业的蓬勃发展。\r\n</p>\r\n<p>\r\n    <br/>\r\n</p>','2019-10-14 16:53:35'),(11,'<p class=\"enTitle\" style=\"box-sizing: border-box; margin-top: 0px; margin-bottom: 0px; padding: 0px; font-size: 30px; color: rgb(235, 60, 0); font-family: Montserrat-Regular; letter-spacing: -3px; text-transform: uppercase;\">\r\n    NEWS\r\n</p>\r\n<p class=\"title\" style=\"box-sizing: border-box; margin-top: 0px; margin-bottom: 0px; padding: 0px; font-size: 20px; color: rgb(188, 143, 75);\">\r\n    新闻中心\r\n</p>\r\n<h1 style=\"box-sizing: border-box; margin: 0px; padding: 0px; font-weight: normal; color: rgb(63, 62, 85); font-size: 30px;\">\r\n    2018.11.18\r\n</h1>\r\n<h2 style=\"box-sizing: border-box; margin: 0px; padding: 0px 0px 25px; font-weight: normal; color: rgb(63, 62, 85); font-size: 18px; opacity: 0.9;\">\r\n    华南师范大学附属普宁学校举行开工仪式\r\n</h2>\r\n<p style=\"box-sizing: border-box; margin-top: 0px; margin-bottom: 0px; padding: 0px 0px 20px; font-size: 14px; line-height: 24px; color: rgb(177, 177, 177);\">\r\n    <strong>新闻来源：新华网<br/></strong>\r\n</p>\r\n<p style=\"box-sizing: border-box; margin-top: 0px; margin-bottom: 0px; padding: 0px 0px 20px; font-size: 14px; line-height: 24px; color: rgb(177, 177, 177);\">\r\n    <br/>\r\n</p>\r\n<p style=\"box-sizing: border-box; margin-top: 0px; margin-bottom: 0px; padding: 0px 0px 20px; font-size: 14px; line-height: 24px; color: rgb(177, 177, 177);\">\r\n    11月18日上午，华南师范大学附属普宁学校在普宁市云落镇星河明珠湾举行开工仪式。该学校进入普宁办学将为普宁教育事业增添新活力、带来新发展，打造出普宁教育的新高地。\r\n</p>\r\n<p style=\"box-sizing: border-box; margin-top: 0px; margin-bottom: 0px; padding: 0px 0px 20px; font-size: 14px; line-height: 24px; color: rgb(177, 177, 177); text-align: center;\">\r\n    <img src=\"http://www.chngalaxy.com/upload/img/2018-12-06/cec20579-4938-4b31-bd86-73bbe148429c.jpg\"/>\r\n</p>\r\n<p style=\"box-sizing: border-box; margin-top: 0px; margin-bottom: 0px; padding: 0px 0px 20px; font-size: 14px; line-height: 24px; color: rgb(177, 177, 177); text-align: justify;\">\r\n    华南师范大学是国家“世界一流学科”建设高校、国家“211工程”重点建设大学，拥有先进的办学理念、丰富的办学经验、科学的管理方法和优质的教育资源。华南师范大学将倾力打造该学校，从华南师范大学其他附属学校抽调部分骨干教师，并从全国招聘优秀教师，力争将该学校办成全省一流的教育基地。\r\n</p>\r\n<p style=\"box-sizing: border-box; margin-top: 0px; margin-bottom: 0px; padding: 0px 0px 20px; font-size: 14px; line-height: 24px; color: rgb(177, 177, 177); text-align: center;\">\r\n    <img src=\"http://www.chngalaxy.com/upload/img/2018-12-06/4d43a07a-c07b-41bd-afe7-1ae1ba3de990.jpg\"/>\r\n</p>\r\n<p style=\"box-sizing: border-box; margin-top: 0px; margin-bottom: 0px; padding: 0px 0px 20px; font-size: 14px; line-height: 24px; color: rgb(177, 177, 177); text-align: center;\">\r\n    揭阳市委常委、普宁市委书记张时义出席活动并致辞\r\n</p>\r\n<p style=\"box-sizing: border-box; margin-top: 0px; margin-bottom: 0px; padding: 0px 0px 20px; font-size: 14px; line-height: 24px; color: rgb(177, 177, 177);\">\r\n    华南师范大学附属普宁学校是由普宁市、华南师范大学、星河控股集团三方合作创建，总投资超8亿元，占地320余亩，共开设200余个教学班。附属普宁幼儿园按照广东省一级幼儿园标准建设并配备相应的设备设施。附属普宁学校小学、初中按照广东省义务教育标准化学校标准建设并配备相应的设备设施。附属普宁学校高中按照广东省一级高中标准建设并配备相应的设备设施。首批教学班将于2020年9月1日开学。\r\n</p>\r\n<p style=\"box-sizing: border-box; margin-top: 0px; margin-bottom: 0px; padding: 0px 0px 20px; font-size: 14px; line-height: 24px; color: rgb(177, 177, 177); text-align: center;\">\r\n    <img src=\"http://www.chngalaxy.com/upload/img/2018-12-06/2a00aacd-9942-41dd-80f3-771c5e6c9057.jpg\"/>\r\n</p>\r\n<p style=\"box-sizing: border-box; margin-top: 0px; margin-bottom: 0px; padding: 0px 0px 20px; font-size: 14px; line-height: 24px; color: rgb(177, 177, 177); text-align: center;\">\r\n    星河控股集团副董事长、总裁姚惠琼出席并致辞\r\n</p>\r\n<p style=\"box-sizing: border-box; margin-top: 0px; margin-bottom: 0px; padding: 0px 0px 20px; font-size: 14px; line-height: 24px; color: rgb(177, 177, 177); text-align: center;\">\r\n    <img src=\"http://www.chngalaxy.com/upload/img/2018-12-06/5f7147b2-0a9b-4d98-817c-6168e0f38625.jpg\"/>\r\n</p>\r\n<p style=\"box-sizing: border-box; margin-top: 0px; margin-bottom: 0px; padding: 0px 0px 20px; font-size: 14px; line-height: 24px; color: rgb(177, 177, 177); text-align: center;\">\r\n    华南师范大学党委书记朱孔军出席并致辞\r\n</p>\r\n<p style=\"box-sizing: border-box; margin-top: 0px; margin-bottom: 0px; padding: 0px 0px 20px; font-size: 14px; line-height: 24px; color: rgb(177, 177, 177);\">\r\n    星河控股集团是资产总规模超千亿元的大型综合性投资集团，三十年来，在教育上已无偿投入超10亿元，在全国兴建了二十余所学校，以实际行动，全力支持教育事业的蓬勃发展。这次引进华南师范大学附属普宁学校，星河控股集团负责承担学校全部建设资金，再次为家乡发展作出重大贡献。\r\n</p>\r\n<p style=\"box-sizing: border-box; margin-top: 0px; margin-bottom: 0px; padding: 0px 0px 20px; font-size: 14px; line-height: 24px; color: rgb(177, 177, 177); text-align: center;\">\r\n    <img src=\"http://www.chngalaxy.com/upload/img/2018-12-06/e39bb66d-0cc1-4e92-b3b9-0e7a48bb4595.jpg\"/>\r\n</p>\r\n<p style=\"box-sizing: border-box; margin-top: 0px; margin-bottom: 0px; padding: 0px 0px 20px; font-size: 14px; line-height: 24px; color: rgb(177, 177, 177); text-align: center;\">\r\n    奖教奖学基金捐赠仪式\r\n</p>\r\n<p style=\"box-sizing: border-box; margin-top: 0px; margin-bottom: 0px; padding: 0px 0px 20px; font-size: 14px; line-height: 24px; color: rgb(177, 177, 177);\">\r\n    开工仪式上还举行了奖教奖学基金捐赠仪式，星河控股集团分别向揭阳市政府和普宁市政府捐赠奖教奖学基金1000万元和100万元。\r\n</p>\r\n<p style=\"box-sizing: border-box; margin-top: 0px; margin-bottom: 0px; padding: 0px 0px 20px; font-size: 14px; line-height: 24px; color: rgb(177, 177, 177);\">\r\n    参加活动有华南师范大学党委书记朱孔军，揭阳市委常委、普宁市委书记张时义，揭阳市委常委、常务副市长陈定雄，普宁市委副书记、市长林钢捷，星河控股集团副董事长、总裁姚惠琼，普宁市有关领导以及有关单位负责同志和星河控股集团代表。\r\n</p>\r\n<p>\r\n    <br/>\r\n</p>','2019-10-14 16:54:27');

/*Table structure for table `user` */

DROP TABLE IF EXISTS `user`;

CREATE TABLE `user` (
  `id` int(11) NOT NULL AUTO_INCREMENT,
  `name` varchar(50) DEFAULT NULL,
  `password` varchar(100) DEFAULT NULL,
  PRIMARY KEY (`id`)
) ENGINE=InnoDB AUTO_INCREMENT=3 DEFAULT CHARSET=utf8;

/*Data for the table `user` */

insert  into `user`(`id`,`name`,`password`) values (1,'张三','e10adc3949ba59abbe56e057f20f883e'),(2,'李四','508df4cb2f4d8f80519256258cfb975f');

/*Table structure for table `vedio` */

DROP TABLE IF EXISTS `vedio`;

CREATE TABLE `vedio` (
  `id` int(11) NOT NULL AUTO_INCREMENT,
  `video` varchar(500) DEFAULT NULL,
  `title` varchar(500) DEFAULT NULL,
  `Time` date DEFAULT NULL,
  `createTime` timestamp NOT NULL DEFAULT CURRENT_TIMESTAMP ON UPDATE CURRENT_TIMESTAMP,
  `videoImg` varchar(50) DEFAULT NULL,
  PRIMARY KEY (`id`)
) ENGINE=InnoDB AUTO_INCREMENT=41 DEFAULT CHARSET=utf8;

/*Data for the table `vedio` */

insert  into `vedio`(`id`,`video`,`title`,`Time`,`createTime`,`videoImg`) values (37,'videoUploader_1571792736389_videofiure.mp4','星河商置资料片','2019-10-18','2019-10-23 09:05:38','videoUploader_1571792736366_video02.jpg'),(38,'videoUploader_1571792739827_videofiure.mp4','星河商置资料片','2019-10-18','2019-10-23 09:05:41','videoUploader_1571792739825_video02.jpg'),(39,'videoUploader_1571792782167_videotow.mp4','星河商置资料片',NULL,'2019-10-23 09:06:23','videoUploader_1571792782164_video03.jpg');

/*!40101 SET SQL_MODE=@OLD_SQL_MODE */;
/*!40014 SET FOREIGN_KEY_CHECKS=@OLD_FOREIGN_KEY_CHECKS */;
/*!40014 SET UNIQUE_CHECKS=@OLD_UNIQUE_CHECKS */;
/*!40111 SET SQL_NOTES=@OLD_SQL_NOTES */;
